AADT_wi,originalFeatureId,shstReferenceId
7500,1,339da80fda10e8a3ddd10db2cea65b34
400,2,33f59fe7d8844538178ae2a4a749f9da
6400,3,fe00160776359a1f53761e9fb5eabc64
4000,4,1bfcbd6465099539d88bf8fc284ccb67
340,5,b47f5f7d0591bf5dfdef4a688695191b
2400,6,852554c6cb91351b08c743a6dc125153
3400,7,46c529a96a5eb3a33b0a99ef41ac8dd2
3800,8,31470aacd052dceff2e19d5e5b253117
2000,9,399c69f9cc8585206907fdcfcb825e59
830,10,1ca7debe16691cb8df99047a78f92031
150,11,0603bbf175e437aaef62a3631c3fc5d5
1600,12,a5583ed8a627b88031e684acab6e7fc6
3500,13,606ca133e885980bd662068ae8ac2809
380,14,d3fcd7b56abecbb9319b68c2bf1f008f
260,15,5a71da4e2aee5ee0d59fa7fc986b56a6
910,16,97d9c760c7ceeee322bbb97ced8feb85
420,17,67b9b65befaf671c4268b65152e6c149
800,18,bd6a9b4066539947e612385333fcc043
690,19,f1084ca640c0ec5e6eb90b66ab5409a7
5500,20,74bd3f3476f581d55e3f7c8f4dd05f14
1400,21,0b2fac482d228fb41b3949af54a6f415
2400,22,4f45d85958bf7a338ba1e38413f98834
2800,23,a1c458184b870f6a258bb8b61fccf7e6
1400,24,8ea9fa2bc4e827e7f76a56a676b3fccb
930,25,c5d16a497c82bb1ad4c2b17b51a7c89d
3800,26,b096e55198a1ece1bb7a6e365e504696
7800,27,2ad46c981bb7970266af2a427b6b8452
140,28,30eb373095bcb3ebd4e572eb3ab0d0fe
910,29,2f572beaef959b56b3e46957982d74c7
2800,30,a1e8ae42341e31582b303caa0c5628f1
5200,31,da1353736f794bbc88b86d6253583a17
8300,32,a9f54d1b3c23d396d50fb24c0a66fe22
10000,33,cf500a3a160f66dd3a7a1269ed60f585
3100,34,8db7f8e6a01276daefd69d7213b57d44
440,35,8d120dcbb301ed464ed618660b5a3913
50,36,b828cb5e672d6729f743becd76589d00
240,37,2a36b06c270a411c64291d979af5a6b0
8800,38,f53e33894d9958a723fde0d7e65fa2b5
6500,39,3317cae492965ba8f46651881199b299
8200,40,668fd0b697684b76ffd89c0efa9bb9d7
830,41,2b95cee6920c5dfb316692fbef6411f5
1400,42,f08fff60f2f757bccce131e8f87f96f1
4900,43,f46006e30617264a285757a0a6ea423c
3100,44,6dec4936d0683b7c395c8a7dffece1f5
710,45,86aa950daa923e6a3d8ae0ce90703b65
910,46,edbbb38f20fd4a1bb5ad845a65467777
4800,47,2d64c7f7938b3e55d03f74a9f3387209
1100,48,7430a9afd0c5b715757a4dfe2e12bfda
660,49,81291f3ca65a957551df1796150540e2
510,50,2217ea44e9ef7c23116e623d8a25d7f2
560,51,6dbbbe407f45dd9b35bb201127fffe03
930,52,e03fbe9278cc49018f69898430f3086e
8200,53,5749c0caa83d4fb1ca1df97c4118e996
1200,54,9cdf92509f2ed92d37b41b4249a8bdb7
1900,55,e373a71b19053ea405c198848ed4e9bf
9700,56,9fbec6ec88ba234f62375889d89314c3
680,57,7130b37f15b7fe9a522a82e953c6e671
3400,58,0173ef2b942515cf4bdeaec8406c1918
3900,59,d6ef6de2a0e570a3d36ff48766e94f57
3000,60,7962bfb59c2db5dd52ecdfd92635c6f2
1600,61,bfab487caf14c52ff4b3f08749892ce6
7500,62,17fc4126c1a1f3a915ee7558758cdaff
15200,63,69ce177f59189f58972bb3124898cfaf
430,64,d9a5cc08013b214b00f92710143ed91d
3000,65,97348bb3aff734173307a6f5e104a504
1700,66,ad4ea823b7cbf36765b1de34b1c6a99b
3000,67,21f1b57a68d9d00f739283271e799e49
2400,68,5c94b3c1db726c456e246788c3c9e275
110,69,4d6bb784da49eb668df3876906fb1b2f
2600,70,f07ee9a28cfb597445b7031428395cb4
80,71,b089b4d30af91d6ead113203cf361c52
4200,72,1686ef7013ca48bf080fd253211ac074
830,73,1323b33e40a22ce68244b7c7379a214c
2100,74,c0bc6004eacb1e30fc29f0a83eb8f0f3
1700,75,37fbb123bad4e9c26b1342479a92e7b4
0,76,c151f90e2f1b19b8f0cf24d03e6fd211
680,77,9468987330ae1468c6aa6a279769008b
2400,78,3958251faf98ad4440f6346a55180a60
14200,79,0fc485ebc971a0899826605d419c2c96
640,80,11a7fc2c7b42cb6a4edc1714bbfd4661
780,81,3e3278923a41b85e56053d977196e32e
3200,82,37e8adfc2a74a5cdeb566cc0fa529ff5
2900,83,c2f117179be76e784a974776c0a9bf39
2800,84,7b6c973c42db808c527bc42566b6f895
2700,85,be90513342bc00e6fa284ef8263849b7
2300,86,40e7e13c49e29f7194af6d043f10d169
1700,87,51b8f1f867dd0619e2b3c6025eeb7aca
1200,88,0353b0d3b9ce452cacce61fd47bbf186
1300,89,25373a6fcbab28f285f50f2673689ec5
410,90,3f1f9cd9264fe2bfa45a22ef8ed81211
580,91,801956dcdc827712567c0dbffd1481aa
1300,92,40c219899cc0b72f3ed12c3c0d04f666
14000,93,0a6a78e28b4d9e5889860a26564567c2
3100,94,53c06d47fb63836c4ad46ab2525748bf
1500,95,a2fa0e0d36b9759ab57a6395d12d3261
570,96,c590a3f20a19ba0f453e28230d5cef07
2300,97,b2a8f0d756a487225518ef464544309c
1400,98,157a0fe5dbc55536373d2475d134ce69
1600,99,b2622d87a4abecb725954f262c719f11
4800,100,78ce8a54ed0005f407cde05a4fd4355a
4000,101,328e45c75a02044766dddf4150a0ec99
4900,102,90eb50145876c3cda0991e22dced404d
1700,103,ef73f252468e276fcdfde3739c66ce4e
2000,104,91e8859327993f0088ddc284272eac6d
490,105,745e0fc14c9f65537511f3e50319cd90
0,106,d994a1f71095eb90ad492c98ad6ed483
8400,107,54af5fc37e8b1ee2a6a6ab776a720e70
2100,108,cdc4e3a8f7879691b934937f53698ca3
1500,109,2dce1c560b29e11280c976df89b46f52
460,110,5a7d91fa57193eea3ddeaaa91b5a5020
330,111,eb4ff4b1b5c21e13f1e121f32f8aceed
900,112,f8a99f10741778ca800bd9e02ab6f07b
150,113,65c386df33b9d9be8fa62239f2a1b0c4
310,114,26ae5feefd93ff97707f9522d124410e
990,115,82b2b4a8e36ba9e467f7b3b1ea9e0c26
480,116,9bab5c00d509fd8d0f7739fd0f4af6e8
480,117,8a0302007c167157a362011bb807157b
840,118,c890d133424b358ab5464d86af4679f9
1400,119,195b0eaa806ee9f2bb7d245cc037bab6
2200,120,61b69ef9f1111dc451734ca08353e333
4600,121,9de4599328f020e608ccbcc6bc3b1bf4
850,122,2cf4324a1519a99d8282517a0499216f
11700,123,40447bd8132c535ffe29f443ec27a03b
1800,124,b453da26c19eae6138196cf3b8023b9a
11300,125,b63d1f71115ed463fd05e1ce878a578e
6300,126,871d114dae3b1e0d661afee5989640ff
810,127,e8609271a44799b732e1d7e9dd85234a
1900,128,e388370c68749fd13d42a34cb4e972af
3200,129,74950646f5376cbd0e72b51dd8a31af9
1800,130,f862e5e914e3d6547cb40b60d934e3f7
170,131,d29d733f1bd117e93732c15bd13e0d16
960,132,b8773e0c1c837493f857a6cf70fd0a14
3500,133,623eba892c90000ce8385038a6b2df52
890,134,5ef3318dcbe511b279fcc986e0d1e2d3
710,135,ec7457fe066b331e0a7f25fdc09027f1
290,136,4e269ba50636429e811890a362c691b6
12900,137,15f681d89a755536cecaf200581bfad9
300,138,10e273f269b8cfe1f70013e7a0cac9ee
2400,139,9cf6ce5d02cd7aee2ed6bd8b0461289e
850,140,709539f151251dd522ec1a22fa5cf726
4300,141,6a3faa2d374ccea2cc21de54a4878d6f
210,142,0c2766c3ea43b85739614eb42f41f2a3
6600,143,88731e533264a0a80df5abd69c814a7f
5000,144,b39fb3151b6b1e191ca35074a09c4fd2
2800,145,b7ec0b0a58ff1c8372d55efbed05e4c6
5500,146,efcd7a878a276471b87bf933558b6ab2
1100,147,5c478fcd4e84b462a6fb1ffa12d36fc8
1800,148,d1313e4e50fd2074f1e9649efb0ef201
270,149,78e5fe7c9f62aab9d875d090d3c6af90
300,150,432f4119cdf6f0a6fa7223a16119b362
340,151,5785969998209b7f85309f4f15742c70
12800,152,fde5ea38d3935d177f062e11d68a63df
13200,153,487cd076a5cff8f4a4f160bee9a31178
14200,154,91b070a2601285e9225fdca373cd7338
1700,155,5a027c9f401742237d230479579c26f0
4300,156,9e8a663638192a4e43f4968f2cbac645
34300,157,c57fafdfc1941998cbd84014c39ebfcb
2700,158,f635ba9654fc3df761bd1d208264d2e6
2200,159,fa4960199a31477b910f936a2cacbc9d
2800,160,ab7e571aa6d94d5698ce98ebe5f41e1c
4200,161,5fc5e8c64242d5df6b716df9468689dc
9200,162,7462b56b164f662527811e8da3d6524b
5800,163,6946306a7bbf87216840c04db3afdc6d
150,164,091be149f1c4981c4c7b086ec7be88f4
2100,165,53cbe65ec8d47b34ae7a774ac824cf86
20500,166,87b1d800673ed648d15f292c0866af7f
9600,167,91d59e1244905fd1758ecf0a8484308a
120,168,8588fbdbb7f2b4279d9feed2c410e2bf
680,169,417f1060dda55f06b83f3ed1a06def46
4300,170,d5760638f59daa6bae4df06b927ab19b
1200,171,ad80f38b8fbae5d3d6fadc51d49f17f1
1100,172,4d178f90bbe44f549421bdaf5a5bf769
7300,173,9b9b55811a514f3b263c9fff2675964b
650,174,9731fb849f292cd058dfab9cfa8e387f
440,175,f88536198c6b2d27cfb3b2fe42717475
5100,176,594391187833c3a3ce6eaf4fb87f0a8d
870,177,6492e506994caef6577845f7e5278288
6300,178,7c520ad2f9ec505d54807537ad7f17bd
870,179,82fc9f0aa857ea51fa1dd0255c6d8300
270,180,7f429e56da7210b3d1dde42c38e3a82c
4100,181,366c6379b74feab0f258dec23392911f
3700,182,44c6f623c2efa06089ee675cfc4b0b56
4700,183,6f2dc061958a1cd0f5af3d37ed780f30
14100,184,4a3fa3d07f8bf7a84c73ddcb8781cf7f
620,185,3b540861b233e0c19c16cd694abf141e
680,186,45c77206a772fa5101e69b88f476f624
1100,187,c85bd4b59f3841a7e5932c1f8b823ed0
5900,188,0f3aee6d45d4724755db267b3500867a
2300,189,bdd32b3525b9738bbecb461ac50a7f1c
3800,190,88442f71c3c95f4397e41953d5b64fe1
3200,191,68922f066a36938dbfff462ecc059bf8
500,192,89f8d4f5314a74b40ca27914be9e05a6
300,193,30091c4bd644ceb91f9525ead9dff8ec
1700,194,8bde80777318bc1a9a4cd8977d09627e
210,195,e5ad02ea3ea4465c16e95f2a839cd041
2900,196,cf7ce60c4fbf7799a39d05ecebcfe12d
2500,197,ef6bf1d36cbfc8221f960529eb51441e
340,198,5dea6ef597ed700ebfee172ae2f8099c
690,199,227d6827b033ad44f390126a652417f9
170,200,8ff7821ab801feafa52331a921763b4f
840,201,1fb204e2c9d64e6b0a2d4399221705ad
330,202,d9c70909f540553cd5ee976abee861f6
6500,203,b4a68af496a9d938d4e51b24ab82fecc
32600,204,fbf84ae19ea8bf2d9e9cb63860b00c20
890,205,4bb1e42abacdccf801a7a95e49e562b5
4100,206,d259a8c02764c57654001192c15f9a1e
1500,207,f01e0ec61cd2d6951833a3372c670d94
4300,208,f9b4706c6f6c09bdd7e682c4a4fce7b5
3000,209,75865123d90c6e12d12482a3880abf86
450,210,0c9a5758a246b542a421653a1a0d489e
1900,211,695e2095ed4ee7ffa255a50dbaeb335c
1100,212,3451475462786cc5b847f92d44f2536a
1800,213,18a910204c94bf71db17edbb3ecffe57
10100,214,8cf8139ea8e31c7c907de632dd7a9253
13000,215,864048bacb1f06b64f63406c9ac35242
9000,216,3747a96b93c481ec74c7627ce080b9d2
5000,217,7dc9302a3a868ead71f0f5570af84336
490,218,f68937437488379b094d86694d872b19
1700,219,b0ce6dec9fe13a620921c52fafd09bce
6200,220,5d08fdfe3f3926a60d2c25140e4d70b0
2400,221,2e4e5b56a41610451b50ac89a03b857e
180,222,08112b0d58d168dc21cd835d6214eda6
3500,223,f41e0031d7346496c4d6d5bc874dfb7a
310,224,7186d2c267da21c3220e957d4df776ba
1600,225,cbbddb906f22af25b4df7ec424753a53
140,226,fb5f38187a7ed95fa4b5ef35e04c6fa3
1200,227,4d6efa87b50e4572e9014899281470f6
420,228,dde4cd1d2aff00b0150321479652e1e9
1100,229,08ee6c1346e78c1d863a6c9b16dfb677
80,230,32982a249aaba5bafb2b84022b634a47
600,231,94a558817deb78f42ec7aff8ee1f7d7e
320,232,2a9e69948fb85340d19de1ec53aecf8f
580,233,62f249263ad38fa028cc258c5b728ed3
2600,234,04f1873455b53d52e6c1dc869d19f2f9
5200,235,27d55f80cdf349f194a5db3a14a01e07
1900,236,6012a7c60cc58929cda43a17dee99567
17100,237,fdb6d26345c2dbede04bb40aae4e2df1
3700,238,b6e1fe9da7c5342b7adfebf1b5baf3a9
1000,239,651237a95bd2f4abe314b8023b768813
6000,240,e77a01682db921475bb2e43019ec57c0
7500,241,cd60a3f0473a4e16a62ce97410ae6e10
2200,242,c34a79a9e132c6892d8bf2c0d1e64bc5
390,243,60b154dd5df4fb48c4c1f4ebb64ca1c1
7700,244,bb1621c3e03fc71612e5d261c72bc001
4000,245,e8f7a9335f88442af27e5cbfcead0dfc
5600,246,bf9e993c47a3a4c04eeb55f041af8596
2000,247,fc7d931e333e2d8da11f957f8a4839e8
1700,248,31e33365003fd5128b7502dafb8432f2
1400,249,4532a313b2cdecf7a311aee6d1bd4c33
1100,250,0e9d073d94c8b0494d9d3586bdd2b906
5000,251,b6ac3ba390f297085b3e83e3a1ad6140
510,252,465c49672f77a02437b4f25cefbb6c8b
2700,253,20ec16e4a478599490d16f6c5e8196ee
1300,254,896dd9049ed9395a8ed59a228bdf603f
120,255,7d8b2bf44ffee82f4feab0ec18fcf9a3
3200,256,cfb77e674888644364513e1102175815
3600,257,b05bfd57dfe73e6a20dd6d14954fb15a
2300,258,f7db731f39f5c78e34eb566b56e5b711
1400,259,4f2f71f0b27ba939dc3f11f065e85a3f
3900,260,2cc426d6e63cb60b25bccb8abb450f11
980,261,15c5fcc1873cd1cdc7ea12ea8e71f612
280,262,21480a7387db51a91d5848d0d2ccef6a
950,263,33826abd5002660932bdfe0ce02a826f
4000,264,9f7d8493156a7ecb7dcb67da67841f4a
630,265,9c4747696b6b141d4f7bfee64a70382d
3600,266,e027c495b581de4737ffc09936756fd3
5700,267,7a3ad79ff7a227cf2a4f756238fe0052
4900,268,a492fbb8df95d73fa0bd8f0a063e2d50
2300,269,709c92b3a3d34118ec92a0e3767ce966
1300,270,b7903ba645e42255203c4ea3be658838
960,271,0c5c38f8bd27d998ba023dda28b305bd
1400,272,b4226ed83f1ed42192d53bfb9b38e877
2500,273,1137ad4f5a26981bfa9bcf3a9c849fe0
9300,274,6a707f1c18480eb5fe709896f85bf45e
680,275,f822b7ad9358dc25766761dbc6bedd4d
2100,276,55d4a0cb9c87e010e19da8906b7f67e1
930,277,433ad175c087efa954adba5f7f0a4e18
5800,278,1af337f96217abdad307e5b2ea55b90f
4400,279,ac396ac1ea95a37ec7b06e3def5c628e
2500,280,515fc37990a9ed8459e1c1199a40f33d
260,281,7346d52e5545340be775efa9d897133f
990,282,d1cef2f1e85ad89a96fc1d83bc901203
5100,283,6ffdd49342ae628fe5b682f2c8d97a76
210,284,ec9add4b2e5bd4888940da9747a1fac5
620,285,eb3cc786e9881f8497994106bbbaba96
560,286,adff77490a0127eb42aca3c11680317e
4200,287,67220456b4a4c48c75de0c50e0764c07
3700,288,bd23c7193a38d6bd89e5a0bc098595cb
2000,289,15c0d72ad74dcc01d9cd0c923da8e8b2
5500,290,4ae644f8b9fc95a811687429257c260e
540,291,852f3678712e63c3cdbc5b94aba6856e
110,292,cdda367650858dff15e85c5c2b68c2eb
110,293,11c91042fd863a5796fe5143918a52fa
5100,294,e503a9931a5072b383084861340a962e
4400,295,3b848aa6a104432cbf207f91d4ddc747
2500,296,9e49c5ff70406cbc25205baaa6b2c97b
3700,297,ccdad047ea9fa834571aca5ad394298f
870,298,33b017957441c0ac250bd37c897ac58f
4100,299,70111d78ec62700f427f2f2e00a8f84a
5700,300,10afc6570a16ff46c0b28ea06ecc90af
260,301,83c67ce11c643833b03be0a88236910f
4200,303,f0d2f2a63e0fe23e3b85336019c27032
8200,304,00352666f9cb6db969f451c5cedd9018
9300,305,6547458fb753a8b358c69523dbbc73d9
2100,306,ead22a36c772ec52fe0c563893624710
2900,307,81fe8eddde613da6ad1cbaafd6a51ffe
2200,308,0c6d7999123212a6489dc6188700cce1
470,309,1a10f0f9495d211b2e36fe265d9d47eb
760,310,0aca5bbc580ac3262e5177b369d20e7d
4600,311,195b556adacce386482c90fdd101a408
9300,312,465f213ce2402c00d939026312871355
460,313,a26417b2ebadd6144b9fbc5d820e24be
700,314,21b448758e6274ea3ec73808ac7f888a
1900,315,9ac1a53f140bb36d481c377d1f3fc82e
2900,316,3e2a2eedd276a45ac3c26610377504e8
710,317,e5298595dc4dcb8af7ebf89d12b7f206
39100,318,7039f63a6651d046a5ea470c54f6fb2d
15000,319,6616994ab2048833b1c3255ea02e17c2
110,320,3834d25857c51b7627e88ef3009f0ea9
460,321,b417fe4623d495bf24ecd77aab7c2424
1100,322,76fd6c87351742248ce3e1ed3dbc4576
270,323,6313582c33ec18b26e51125d1c994e29
930,324,e11e50c6a7cbb078a6a8ef42e5d83f44
1100,325,b22df537a0e8dc70739f1df1aa7f37bd
3200,326,b1e3bbe6bae421f0435f1393bc9cbf3e
9600,327,5a5b0d842822ec4ab460c4b553d91709
3300,328,e32e281c0f6127f4ebbde2c9d9ff795c
16100,329,402169910031b169bf75d210d2ff1dd7
310,330,38b18f04d062e6de5ddea1b759d664d8
300,331,b1dd35f693a4012f22917ec15357af99
390,332,28c33c1298c46aaf2bcf0533eee0d0b5
2700,333,75f95e580a3dc69ebeaefdd366195854
420,334,b3e87ff6c8c2acdcedbbc195d1e3d794
300,335,72634303133490ba6d904357eaa289ac
1600,336,73624617aef57aca5d6fba32d0306e26
1400,337,ad303f9eea3388577766df06d3594e58
350,338,977fdcd1fd16772c9c9a27356771aa47
440,339,a91012e3c89d7b71588ef3fe32f02331
820,340,34a01c6809ae3c409f4ea89036cb4e13
1200,341,b5d2e737fc0133a54d0ed8630f5db7ac
1000,342,07fdabe3adce630bb74bdd0c6ddba6e2
1400,343,2a00f8aac2130b7536c10986e70b1594
10000,344,dd5c0fafc1622c538a891006d64443aa
2900,345,f047b6dfa8d3c4d83b06c2ebb63bd205
4000,346,660831a056b61ece69fa1c7390504eb0
9800,347,a6ce200450fa2ba1c1b2237cf569e77f
680,348,af1f44e9c2fa3350355868e2ca727eaa
9900,349,76b6af07460340409a620fa68217c4a2
3200,350,e08a83c010ce7de0c854df51e72ba783
3000,351,933b87515720fac09ea2e90ebb0b9879
6300,352,6f77bcb65f4d15abbf8457ac4cc310fc
480,353,33ec82e5b8408e1d42207f99b077c18c
3400,354,04d5db6901ad18e19ad053e117eb632a
4700,355,3fe43db1c2e6c137596aa68aac0ab4fe
13000,356,3306f38878cc8a164891a538e15f20e4
1000,357,58fcbfa2794f2f5f0447e7d9e234fe31
3000,358,ebacadcb90241bd7cafd219c3dcce75f
0,359,4f7495bb7beddac934d86439a08e7dd2
4000,360,bc7e9578f05e17ebca20bd91ca1afb5e
1600,361,2603d413ac1aa8d57bc55e5c4bd2fb2a
4800,362,ba2f1a01fb84dba0d2f9b6903ba80966
12900,363,d3963cc5701781fa8db22421f88bdfac
9300,364,c4a4a430307d29ad86f3b59d9b645a08
3500,365,aaae6f4cf85c2258287f2a936f7ce7bc
7300,366,508c98da0f30c516f48e6824fd5cf3b6
2400,367,59451e08fe7c020f2a3f5b0cf55b9cea
90,368,08b648447ad2f3f2493cb77c93cd4bfd
350,369,e73d8f5fd2628a8f2dc300e52e8e9968
100,370,24ec54685afb5e370889e443a4bd4ec6
0,371,042b5c5ddc20b0b3af2ed447d54c00e9
240,372,7fbd8e21ff43b2782706199cdbac2167
2800,373,b7a064cd608363496f59ec043b0c1032
6500,374,27430c9aa26788b909af4e08fe4956d4
8700,375,0644e9e3cf769d75b71f17c64e0bcfb6
9800,376,8e75f1c4c12ad57b3320db35b7ea8bb3
1000,377,ca6acb5f801fd3632057584f26d6bd20
3900,378,1795738494675d7205450b94f8351450
2500,379,5f713efb9f1225396cd1cff48415c69e
5400,380,8124e0b514de4664621b53d968bd55b0
6900,381,18fbee3d41066aa4d813d1967e1fbd83
1200,382,158ee10947857b3afeea53056adf0a15
380,383,eda451bbd2a1881932f31071e3afbc4f
990,384,61d842793419c15ec75cd5c50a0f1539
550,385,e69284f53b8dbc60ac0be7558cd68cd5
2700,386,24a4326a221d69425eb0696f4946bfad
1600,387,73fda9e0fbc9a72c599c8a3d75431acb
140,388,34d91b7962e0832e0186ea49ee55c421
200,389,c02f9de3786509e4a03b7cad51a7149e
4700,390,9400e16368025ef81dc4d71735614afa
15400,391,573edbee962972c499ad8411eb26f1b1
4900,392,494659d111d6ef44595cdf1d1b615b01
7300,393,cf385cb7b34336529412fa6a6afe9a55
1300,394,1d397db75d2343dd6590d0dd5a287638
4100,395,ae2026a48422ad6d98afbc82941e4162
2600,396,9c6b293808cf1c4941f18b099f250f99
610,397,a7796535d32f8c5588f86db3c14e7ec5
3900,398,07ae23671af6635673c925f15c9d9fe0
2100,399,7d23f8a3e1a2661c3b9a318ea3abbe7f
2900,400,fb958f13f9ae9a5301a384523e247a3f
13900,401,bbd71b87bc3d245958ed9e996548ce38
2700,402,1240cb6683445e65a5a4832e032d17ae
370,403,1876f84a96ebdf27d4205ef86ba3843e
940,404,d24b163276135b8005a32efa805ba007
91200,405,809a2ae2d7583dd4c5cb91d95377a35e
1600,406,65b632e5f829e97a9ee36771472b3a54
180,407,5f22860755c37aca2e12b15affe597da
4300,408,e5fb206b8fae1b653c4a5663b46486a3
1900,409,7200bc091a1715dfeed38ba863b13f81
350,410,4384523f7b4b1d286e6edc13fd46409c
2600,411,4091bcafd2fcb3e269a7a95acea89924
400,412,c359ce71fc6db7a85cea2f36113daaeb
2200,413,7e5c2e389f20849d3428222cd171923e
2500,414,f3e878c3f082a58b88516ba950383e63
3300,415,d43429ce78783e491acca264586622c7
3200,416,c536eeaecd17a8965343223d38df823d
3500,417,bad443f76938f296ddaaa298065d2929
780,418,6dc217a24a990a46a4dc51aba4081382
2000,419,6e64a3a90e65bc6346b1d699a63ec31f
1800,420,76417135e04adeb111b23f9ab7c943b6
1700,421,be4b4bbee38dc24cd0c7bea043ee814e
350,422,5693a92d23914daa73fe13fbf826d8dd
510,423,d84b13df263205140110d92e016bab61
2000,424,668d9ca85058049538eeceb8313d330d
5000,425,c4168f6e2cabb4772e193a7b630faa82
14800,426,b9fa3d6a8530d937ac552c7fba4d4e36
2500,427,851908a671c714062c033cad1d0ffeda
1600,428,f87e5055423884722a996a4bced4d69b
2300,429,b2ba09ebb79fb8699eb50921dd01c74a
1700,430,434c673535218762df6c51813ed9b922
0,431,5994206668b343d3aca016058e30f85f
8700,432,13577ef419da42e3a60448efc84f8b64
4600,433,88acc00e04ed40ec9428531d7996251d
1100,434,d12e732a4f252498358a358564e036e8
1800,435,b813ffc9cc5efecc26e507af8ff3286b
12700,436,7295999a7c6df41a886ccea283d02fd6
5300,437,b72220b812489fbdbcf20c570b32feb9
1100,438,e7db2879dc6f24fd4eb904f1b366537a
1200,439,e47fcfbc594d7b9745e5d04d68a072f4
4800,440,fda605764cd4aa9e776fba48be7b2280
550,441,b09c41570b360a839bb2a5e653ba4633
390,442,407ede4302ecf88109027e57f5d832d6
190,443,bf23c2db66453dde14f4ae70ef2f7318
900,444,e0a8d9f5363c59e9cffa6eaf651adfce
2700,445,4fa9d9d8a9499711b41e6d602e227e0f
790,446,678e8352768836d78cb41ac361a8d0c4
6800,447,3c3bcf3930127caec1fa4031fa5757ec
21100,448,afa90bad71b4249cf82e5f828a60a6a5
10200,449,8d85a18833ed0f06a365072d7ac74e86
3000,450,d1becdc891943a76bf7820548ef57f4b
1400,451,ca3ecadfdaad081412fa7b3c89b4c2de
8400,452,a2fd19155299161c050696d10b82ab85
2600,453,8f29b15695c7f022f402d79629ee0a2a
3900,454,4acfd0709e8b9481ab30546b30d2f02f
1500,455,5faff4d1cfe85ba2c609b3c95d55ddad
5200,456,cfa8112c8c311c40c25cbb0e3b58252c
2500,457,3d1b3a12a9c26e47441c72e9b5e48a79
8100,458,2a071c1aa0128bceeedd3f9784cc6bba
980,459,34c64706654f04330f1a44445990d55f
3700,460,59c961fb3d3f1ef24479390992281a35
920,461,1aac0ae38cbecf8943402482a4dc890b
2100,462,c9c7a827075da01a512790a5a00eda58
1200,463,9318e744152aeb7ce206be872cde2854
510,464,87594b1c7282792307172d1785c8fc86
1600,465,2c7a356ec972efe77098e55281db2660
3600,466,da43ff7e0e795082e8c93fcd39df1f04
15600,467,1088fa614671d205bad8f423273e6c67
2600,468,e9f358e5a1d1f66d1caeb25e922e4557
3000,469,58c818d6a829a8251e99498d84e61f3d
350,470,ef4872b4c8009fa647640befdfe08977
1700,471,3cc43f52adc7cf88af421e60ae2ba304
960,472,dd447cfaf7d6fdefa3e36ddc6c096ae8
820,473,d7b6d5e2bed954beaa905e0bacc16928
6700,474,219efbca2148ce2c1d6a33a92dfcec1d
160,475,40f369c0a7b28f14047bd43e457ec5cb
6100,476,cba67849e6a0894179bae74ebed6f573
10000,477,2740fde426e2f2d5d190ae4e3ebc5969
1700,478,bac422701d47f46dd8230f2f6ec80fb9
5700,479,e964b9832c2d73da30e7375a26969828
1600,480,1a4a93264e3995eec250752e53f64430
290,481,13efe18b45d5601b1cdd7c6b0c9ff500
24900,482,18f77eee28e6b6c0698b3ff72acda66d
2100,483,aae3b94fae22b54e175b0decb5a313f9
2600,484,aae3b94fae22b54e175b0decb5a313f9
4100,485,9897e0007203a833c198266a0efee285
0,486,0223b9f3bb9048a88ba8c58e4b89377e
4900,487,a70fed623eedaaa41612fea18176cec4
2500,488,6595f3f54be5746376c9ac916b11acf0
2300,489,cdc05fd5f8be73be4205743d43115a83
4900,490,4465e0d539e8e81e8b1bea79f6d1ae17
0,491,311fe6d8b7eac9ba65b0a644a29b5ffd
4800,492,5128dca238a90334f35e13d0948466cb
5000,493,c12f2a182ef6f15c2185c5233fbe65b7
1600,494,9a2848e0b17a75b38705d0f754b6f3de
2900,495,ff4b1116d133a71437ba3482d3840fd5
4600,496,73a9eed53be026b113606ee6ffdfd61c
4600,497,5c1af12aef74ea3ac4e7c858266f9568
5600,498,34df4b2728813ab3848609f50d836fa3
750,499,402ce4ab445e16509633f68e807ee99a
2100,500,b6d1d02d73a393bb28f1f40d58680bdf
280,501,c674c427c9901792c4e747df107f7e81
3600,502,c7867b8a61358ae16bf19314a2ad094f
440,503,5e6254792b932b0850fa02552373a8b5
9400,504,885e2ed326b2e8508c1212882a12dec3
2200,505,562e233ff2efbdb186f227115200ebba
8000,506,4386bad2f44e9427c3fb8b43e1ec8694
8800,507,27705368cdd7b4ed0a9881126cc7320c
5300,508,0c0543c26703dbfd12612f7faf037bac
4400,509,b4da0058d4e7ded52f31cc0b6b51d3e9
3800,510,c712723831bcff937215b6eb79fe2edf
1100,511,a192c5fa5f75bfdd0a505150483dd65f
1300,512,4cae30e698b2ef369bdfe4b9676a77cc
1400,513,e5b5f150f232c6630327e6c3361ca6e7
6000,514,6109036eca68483f15cccd8c43637a3b
990,515,fdfa8cbf14681bc19912babd36210430
4900,516,1a77854b19642f506043bcb1a283ba20
2300,517,2f9f103be9c04210ab7cfa47014acf51
610,518,dab7057fafcb625365b3b624c9076a92
650,519,5f01a471ef15686f7dd7924349eaf955
4400,520,5d20f89f59ffb55f9e048c828c2ac2bf
3200,521,bffc8767c129937163288787d56a45d1
13600,522,50c3120e2056f39aca9c4049bbdfa16e
160,523,b11fd93460db4cee63ec8abdd5a181d5
1100,524,1a369cf9ecf8da1f050126256475f6f5
14100,525,bc212ca00f7237ccd0c061ab41b67cde
140,526,0876065d01fba52634dd35861fc2110d
7800,527,8a6931408d3d3bcaa3353154425722eb
2400,528,6f2f688d2ff9d7f51023b9387145a5e7
2800,529,5b3afc95f1aaf768cabbad0e5164d00b
1100,530,6cc2ff2246a8e897e4e57a0470cd5198
1500,531,17ce21d1b6681a6c0079d375b510cb9c
170,532,609236464ae98f3338e9cda7148073a8
10600,533,1f0d39bdcbb892422db9e3e11cd2e233
8500,534,b0489cd63069207327f91f25cb3e734c
14800,535,5af51ec532f08c40d061ea2e4d4bb4fa
4100,536,5fbe10545f8fbad8ecfc67735db0fd39
7400,537,ce21e4155ba5082f714cf88b6b88a61b
800,538,1132abe07b9aa925916cbcde2453bf37
730,539,da84d81f90bc455e933310c8da785a7b
1800,540,4ec2370b1a64ba0a1f5c264293980888
1600,541,3f15243143f7ccaf7068b8fd082fbbdf
6900,542,1cfcfc594d49162051b004cb38b7a7be
580,543,c02633ea3cf5c90bdbb07e3e380669d2
3400,544,603fba32936b2b1ccfb2878e76fbc7c7
10100,545,2562f7059debf9de1d599a0f95792d94
1900,546,63e2f9abdf873005c021929c6ccfda4f
2500,547,5eac252e28abd0615d625bda052ea4e4
15200,548,1b5b612fbe94638f0014aa33fe729bfa
660,549,cfe17190aef563262d510219e7f71aef
2500,550,56684d71324b83f3ea2115def264911c
13100,551,d73edd741784546eca9c845dd6587362
1700,552,ecd364bf53c9d5ab9a51f5e084732e6b
2800,553,7af4ceba1728fc45313db69ae81b456c
810,554,44b2406dc1fb75188eceb705f8c96134
60300,555,b91458bb0f46ea86c042f46f3345c613
1200,556,02a7e06225adebdcb9d69edcef7ec224
33500,557,1077be48274374380a0b801a1f5c1799
1200,558,81017f6a085427bc0f4a0ee6891e8943
2200,559,bd2e4333bec53a9f072639e2f36d870e
7600,560,a944280e94d8905cad14b2c64cca8ed1
6200,561,9dd9a3613d95ebb70efa69e3d5a4bf92
4500,562,e246e97299a26ef758ee0c88cba0936f
4100,563,2f9d87d8e3ca471cc7ab72e334d0e801
570,564,b7534a980dd3c6129ef64a451216764e
8300,565,c5201dede9b54a8056675258f8a13b18
4200,566,14e20224dd44dad641301b0bb690adb6
210,567,e92b7a4e527b96a25df3bbeec4e1ca84
1000,568,de0ec4adc78fdd56c790a9b8a8d8c3d8
2800,569,e571cac762fce2cc3f7a4cabb63336d9
2800,570,3ff37d7c4f0c4e2dbc51a6aff22876c7
11700,571,d30aec329c3172ea5a16dca8ca495192
1400,572,b8d2e861ab7a14d814aaa6d770aaa54e
4300,573,26adb75e95d37fc07a0d734663e51c93
1600,574,6e456c335253c700557a592209a147fe
4500,575,57a44a5d5f8773332a13fbe7c8c115ec
1700,576,5cdb6e2a0fb034e89d605e13562fd003
930,577,1d632b99e98b087dabaf6fcfd2d8dc03
530,578,3b0e271cdfa97836270428ad7362d8b4
320,579,a3fa958b772a877c70e2e562bbf7acce
180,580,737450c8b63b54401d43428afb1590a1
2300,581,004e608b3a76f78c2da7df03d7ecc738
900,582,81f06f0258cba3bf7e03496d7320d6bd
230,583,bfeab4a37db9e28c53d52f8b650e3749
680,584,a05c9c6b808afce81a60c4bc27e2c6d2
650,585,94b4ffe03ad42d9f1204fe8290334e67
1600,586,0546cc7f5b19a164c3291ad8aae8ed0a
3000,587,1bd5bc10f9d189c73b11b42037a73682
1700,589,f6e3f8c7855fac8442157f42cee628b8
3100,590,55a0d75a5ba55546127774b3f1ca340d
2600,591,5f695d2cee85e189280c5aba6c4f063e
200,592,bde0cadaa7b324304c3aa89288093aed
1300,593,c48a022c1031887b3481f4c72f9818b4
920,594,a5a954c7058c066998d89cbb36a4a1d3
490,595,05af6b35ea113dffd4eed0b18c1fa144
900,596,da166c49fb0960a497bd94d8a7382869
4400,597,bcfd428ad0ca7764bc7e63a1ff9c0ff8
930,598,39f33d82c7316d5f9600a2608cff902c
930,599,0028f4bb49b2f389ef9aa4395e218e24
3700,600,9c0c292277c4583ce49dde2634a07626
15700,601,0b40fc7046954c69a3b8e45f597d40c8
2100,602,a417e49967143198db541290039fc084
730,603,7b3e75c68f36b36e07606f7e0f853233
720,604,59000228d1faf924390eee9a62539afd
10700,605,00b97d08a24b18691050c0dccaa1c3c6
1500,606,5c27cb4ed0e9b1bfdb3533cdcf01ab5c
3200,607,150d96ebfce2995233e08e31dc0e7680
1400,608,ff63c6bfd5b0bf42c306443836780812
10100,609,e0313765da7c0ba4f36315110f5ab4d9
3300,610,9f2b012fdd347001497c12d94dc1c733
470,611,6c944b744974fae19adef5aa2b8e721f
1400,612,b79e24330b163529abccf4bd3f57d9f6
2100,613,eed5ae2c427e9d8d85b6eb4f1ba17f16
14300,614,e063a0699d2365e3fcb03e6912228a8e
16600,615,9bce77bcfdc1a539584e0fdc6d728f20
2300,616,3f5ffb5f35cb9223c3ba6a695e88c4da
10700,617,b61f7cf08d5b38c0d0866d72e0930386
4800,618,ccd9282f380ac43e8a0801a858a61051
70,619,cbb6b823a9d687a610d91d323d97530c
190,620,8ae07220f1f815bebc095d3a03c233f8
450,621,0c2298dadcb57425ed5e23c3a62e4979
280,622,b4369a54d11096e1d6c460f6e04b93b3
11000,623,bd7d7702522fd7d70a201ea78acce555
5600,624,8c9a623ec1ed7e7171a4c067358135a3
1700,625,c1ec4b342993f5ac8944a40333b01a0f
630,626,985792f4c4290665a35e51cf4bb1c3a4
710,627,7d2b1e2d7c199d1d189bdf82833050c3
1300,628,439c14507c2cfd3efbd0b8acd8e8529e
1600,629,db576dbc11491d019158bc18b3222f80
940,630,177401aae156347f7d2f5f292f55de1d
710,631,fba6763f3e8c7408e8abbec9d632b1dc
2200,632,f3656e43e07267c1efbdadfff245e825
5800,633,4d26b24b2bf914cc84022a6a9e284d7a
610,634,86ed6f608e1fe7292f8f93330e69a63c
10500,635,a335559ba2bf27617be09e70d666c691
530,636,b9f93f6e6079bd6eabab25af9fcd3536
500,637,790dd310a2c4b533a8d62521ebebf305
250,638,d03a46ad0c0f0b6f8d9232f60c2f4df5
260,639,b5aed39356dded7d5d5d22d69354f451
1400,640,4f0bcd0178509e8c663876abb2ee316e
8100,641,475aa70ffa96e4a50b934817de8e8dc9
11600,642,989f5b3e12422348a7c51f670aa5f659
8300,643,02448f3987aa970ebec7b0c5993ec9e3
43900,644,576549e0e5a189c887b395c0bdc4c572
160,645,0189b9df822025d0a34711e61ad635bc
2800,646,261ac729a67e47f917e0730e6e31b393
1900,647,6e8032815e7b7134c26932a594d13eab
1900,648,feb7ed4549ef3e2bf44767b63a710408
400,649,ff9aa8822d56009aa8879ce19c9f6c16
4100,650,21899fa2dd3406e6d11ba9b874d76e2a
2400,651,1d1e5952a0182bf40b2db959c4add539
1700,652,9238fdb14ae100e2c2279e890d5808e9
1500,653,4a1c37ad7fea38f3a5e88e570e063e8f
5200,654,6f8cf1aaae5a8b91bf78b725017bff44
670,655,8fb1fe5fcd30944089a46eaa6b8a418b
2200,656,8f642b11c519dd09dcca436a67d2b7ed
910,657,6e7f73f6adfc00b401e8e7c0e64d290f
1500,658,72567fbc04dce74a47f0c489a0c6bef4
1400,659,f1bbe9897ddf41f5bcbfc2a47596c84b
6800,660,592c54efb4ddc819052338e5c7b14c22
5500,661,f044102e384192b9afbe2b559ca856c6
5100,662,f78248501a2f8e78a5e64339cf6cda7c
1500,663,c45cb8134cff7e9ed7bf6a46d5fa6ff3
7500,664,b7fa51b33590746a4bc282927de7e653
8000,665,e344b935696f035f17e703fed224a924
3500,666,6b78a82b0d9b89d656ef5ac32930a8ab
2500,667,886d37d4c184b5e4ab01b39e0a20a25d
1500,668,067d5e1beef9c75f827709b4fb024234
1800,669,b8e9594a080e978c9c1b3ee2b28db422
2000,670,a97888147b404125db66a1685a9bc930
2100,671,1e89d540c8349e2932b3798842a54e00
600,672,e1c649a024423d01eb7924201a73c7c3
3100,673,c13d0905187aedc4cf3be0d241b06ce1
490,674,c05bd9ec111a5978a708112d424e0fb9
390,675,80f8a3462aa2cc5c5eb49eb5851c6e24
2900,676,82c6002688ff78e4b7808ebf6f2f475c
4600,677,e5fa943ae609800848a2db454b1c94da
1400,678,a092e5b389a09f6d47a1a122b91455d8
2100,679,d9390054964ae375ee8067de85414205
1900,680,bfbb7196f35dd260a0d9cad94abf4133
2700,681,5041d83f3c2112467ab1cbc649e54698
2700,682,1eab08325ae46f862338d51a9dca0ff3
1600,683,f0685a2572d08237ab800c94cf820ffc
1900,684,85666bc384070dadbd15bfc659397f4d
380,685,182b7f6e3af25e9d63ba766f0f5e6f9d
600,686,c1bf1511dadf52344d64540e4a5557f7
720,687,4caf15be0b4922573d6e5e353588722f
440,688,d0db2f2f3b643a99f16ddcf53e314599
2500,689,60ee13f3f57943398137ed417283cb81
2300,690,2c14a72f00399edf7731e470a8295fa2
1500,691,dd106fce004becf4fdb24bf03b6aaad6
5500,692,e9b606378bcdfdae6ccef008fcba12ca
1100,693,ef09447adfa245bd436539a46fa4d405
4700,694,90ab0dbc61a8c995fb8a30a6d4e8d42d
15700,695,28732818248cb837c650bf461592137c
5900,696,284b6a83c8c1eedc293d7bbcf1e2e3e8
10100,697,c060db22221fbffa44141522da7af783
3900,698,f2563265970c427dfd0c6b33c4445bfc
15300,699,8bb6d70f62454a8757e3d973e7dafce7
4200,700,c00ba6d11fd218e24a13fdf21b299088
4900,701,aa33571cb587761310587b54d2a4ad81
13700,702,a747f63eff544d50cb5de2a6f61ad818
1100,703,6779bc94fecbb05947b835ea7d47de30
830,704,46fcf8cd0c7087f5222920533f780c43
2600,705,5428bc0bec5d56dab1d8e4103bf9a260
2800,706,e1e74a4f95439c13d68cf039f58792ab
790,707,78abea1c2f6486ac5d9843a3d7519f31
1800,708,d6d03c92d2b1e2041e13f039769774ca
5300,709,214f02fb3b1b26fe6941bc9075c0c09a
1600,710,8071ea7e8259c1ba4204cde9fa91d504
210,711,5bc3dbacf9245d56eb5bb1cd158e279b
710,712,2f2a9511454b87effe9ddf6b8d24a23a
4400,713,87955e650a751082e4173e1e02723199
440,714,24b935cf3e4ac51a9fbc7f5e4f56fe92
470,715,db3f25b057395755b94314b88c186daf
500,716,465e931dbe3af8568a6ac3d748dfdb3a
1700,717,8f132de4abdaf83e1e78817870650e89
430,718,50d7b85bb9d0e00e9f63919b7ebb4c05
5700,719,84b65410b1f5dd24a95ceefb6b68bbce
4300,720,c17848dcc33011072fdb10f7f7d684c2
2700,721,76830fe50f5204271c1c3b5896623f16
5200,722,a61e8d5eb9e3c9b3f62c000cd00f6083
3200,723,009a5a40f9a9a1c6e5583f5bb4d29c20
2200,724,4c9f11f7f7849cfea98d254e73c72db2
3400,725,89af44540f65c7b3e4d8e51968a57615
14200,726,7391eae635d72e8e0fc5edf05921828c
10900,727,fb4f2abb25d99c6b00ce6ad6c93ff0e8
12700,728,95d461b292a0e33667b9f4c413bae1ef
1400,729,e97c5f9571b804a5184c5a4d2107e086
710,730,ad78e7bdac0a34cf0a6772f86a13817f
5300,731,7f2beec4654cebf96a3c412396bc9671
5300,732,8e2cfc87e92d1be8390dcc8d5679b4fb
1300,733,1c2863f070424037550b5c547c385d3d
170,734,4e2f7773b1f4c59b796259d5430c537e
1500,735,84f48b7a3f3c2068261599a9211b6edf
5600,736,707aa72c97b38ea0a9ab21355739298e
4000,737,b1c2c94e2db8401e0d22013a713dd79c
2000,738,a3054b0dbd1fb8d06f0f5c44f0930974
310,739,6ce1b562c42f944c5f290d23933594b4
2400,740,766c3c10c06c1e6bb84b520ad8ff7b4d
180,741,ccabfb49b36f4234cd8954eb6f867ea6
1800,742,d4bd396f0659ac11db1bfaf921b84e8e
6700,743,4c18f1786851094c3ad832c332905fc8
1500,744,109a4c4cafc84f66728c10a73340468a
1700,745,ccac25c6f279c9f500f7cff22c04fefe
670,746,d5d32e017c06e41447b360ff08ebfc0a
610,747,db4b34de0a4cc0abb0886de99ad3f74f
3200,748,f2879a0faa05f121e53111438e63817e
9300,749,4e22ce27b7bcb14bb0c97f2b2f491f5d
14900,750,5bae08985299e78d95913671976004dd
10400,751,2b11a0a4087ffc8e6a034f953a2dc753
17300,752,7925a8f06169f74ea645366cb92bab23
2500,753,13ddb4d8270d6268227e414a233246a9
240,754,af4122d4faafb3ae0fc7b866c1a93551
190,755,ccfae70b608b015e143472c4c13cee8b
130,756,33fc276d93b9be5e082a9628610f0b24
2800,757,82c08f3558c121580fe8c7b654bd23f3
4000,759,8c44e64faff7b5dd53e482098b6c2096
12700,760,8b86dd92b80bd241f0fa2b95bc8c6fc9
11000,761,824fd2bc2f1113e8bc2e93aaaa76d207
2900,762,27121a6e161f2581fa7cbb0367610dfc
6100,763,865f73e3e633309ab4491b18768f3fbb
820,764,0b4c994a4ce8b54deabd1390f03940f5
1300,765,471dcf71dc785a4ca124984af33029e8
13300,766,2d67dc711b7910cfe508e9218f07fb07
560,767,0e511041c8867307c925b9aafce1c32a
740,768,f59b9bb2b598aac531aabfc33fb2b67e
2900,769,a332e81bd8f937c355f2592257606113
3900,770,22b5e77a905195a8586eaacc77d9cd78
5400,771,cdac0fcf2a4aa1e2ca8d9d8fc2d158b6
1400,772,afc2fa5ab37703097f8be5aa874cf350
780,773,e077c9d627ae077a1271c223ceb947d5
170,774,f27a902a2d7138b4ab1b911ef2bb4b5b
2500,775,1c3315f74badaa5f129017b204627349
4200,776,c2092d431316783491f9fb1c83c62f7a
3100,777,422e4ec2392f7a84834d5a4d87b6132c
1600,778,78238f2cf109e26df66686de28017022
12900,779,c8cfc14db64f36618a707a3491f4078b
5500,780,782dcf80d69ce4a3a459d6119b33ccf7
200,781,ccfae70b608b015e143472c4c13cee8b
1000,782,ae6c75e3487c50c32d7ba46df85e3af7
9000,783,6fbe89106cd9e32d1a8407a294651893
510,784,cf4ddbd2a685fb3847ef9f6d73bbff50
480,785,1f7982bf7eb04c71478bb7699ef0a4fe
2300,786,d6db76aefd9100b9ad45a13905396129
470,787,8f6f0fcc15746b977d0ce6598e6dbad0
3600,788,4ce3d5f84a6edd4e3870b6b5e85ed604
3400,789,14dbc83563bcb8dc28a4fbab93feddd2
2100,790,dad932d57a208cd8bf62c56f36d082c7
4300,791,98a6148a5f551aa8dc3ac67908e9fba1
400,792,059c6f8454be6784cfd9a7dfc9719da1
320,793,62641922553ca91fcc130a4e69f4fe05
1600,794,9c75c63580b9cebd062525470f94b662
2100,795,4f9913e6f1e936749b61f402fadfa90c
480,796,3e8d70aea187a97f5b661f3a2b75ba68
9600,797,741fd13086255493c639605900df65e5
1500,798,a16236fde708995a0db59e4edece6c08
420,799,e2e614336793e055daf8b10aa8da7ba8
3400,800,901aa101d86122bf2db02d06f202760e
4900,801,7354901e917d4f4365abfaff63df804f
610,802,3a31448d99cb559c39cc84669410527b
470,803,9103ffd0e7d888b20b6207670cdc52db
3700,804,70e896b5436de1617a75b090c9dbf5c5
4600,805,db963553e7f2ed71010ee1c8aeb00144
1600,806,509a8e019bc897645b36bd026d05b4d8
8200,807,448860072f3b2f30576ed6578e8c3846
1200,808,1e169473c61f03e7bb7f248a542a3694
2600,809,5a00ea8ff6b417a11a10892a3271879f
240,810,53217031676e86c38e5446eeb6aadd44
2100,811,6438eb01ef1a3b5bc4278f6e91370239
1500,812,dd3c86e57d9ad8a0b50c9d1cb280b6a5
14200,813,67dfe320e6c83363dfd485be1cfda65f
6400,814,28a4f7245159fb82527e0231bb2af2fa
1000,815,5325dacd7eed715e180e6a9d9c48d415
11700,816,fbaea3199af1d6fbd9ade7e874e14061
3500,817,cb38287c441adbc0cc623451a50c2ec0
3300,818,4e490f15a649f90817923d791f45da19
4600,819,b557c20db3584c55f5969682856496a9
930,820,e507fc1f1f7df69cdeabab6293a43861
0,821,07a09889dc907030389b7b61ca8a3a2d
0,822,07a09889dc907030389b7b61ca8a3a2d
1000,823,7ea6c6a44a124ff3b5657d1a3d67eb05
150,824,5549d6f0b4b4fefd4131eb8def7e9540
220,825,1b87c9a9c95e812b15ca5c2655eccf8c
490,826,4822da05d493a4cf57e4de886809b994
1500,827,bc71e6bb8594ca5a866efa6842d5efb7
4200,828,0413395d73d3b95d9274bf494d07465f
4900,829,216c00b50b71062cc2c2708a04c623af
2400,830,e26ca75bf401e257f954e7612945a0ec
540,831,6fa7e1fcc9bdf88acfdcdba7b1dec7c0
7000,832,f07980ff74b8cde0e984fb7a98d8222c
1900,833,b7b6c934f2575610005ed43240d0f2c4
1500,834,325ea14ad2b1da05f9da5e7cab1c9452
3200,835,67df5bb4eb93131512d136c1e5392f39
1500,836,0bbfdcf999a62bae50ed5b783f23f48b
12100,837,300d4b0a652c6443ac1bac0b87626c23
320,838,82146184e1be607e16bb2464e5a9c9b5
3300,839,f3c27c9dde9544ed8a85a7998308b9c1
3400,840,e5d6af85e1bb8a6179453dd500d1d71d
1400,841,c6b57a8f8fb033b403820569232ab0f6
730,842,80980ec70c43758940cd1e96513cc437
5600,843,27501a365acad2b1ec79dbc1f23db462
1800,844,1ca4dc2c91ec444905e0f3006f8946d6
7300,845,ee3095c4fa1170032dffbbf9b79b05ea
13300,846,8cdc5252e1a750f934abd828f24040ee
680,847,35adac6c2bac80d9b839a42b5fdda8b5
4300,848,b3d95374f5e28f5aa422c2c3d905a1e0
510,849,48f7f62c9e19e5f29b53172ec52dad2c
1200,850,5fbb15ca5aa9faabedab73170a1dfe26
270,851,f99d89aaa1c362419dba3764b650bf44
1300,852,0d5e9393d4474aa160f18fee42f6293c
1200,853,767b7ba22ff8a9ee137f62094bc42cdb
14000,854,7605060e7a1320214b795fa1fcb99ff0
900,855,2634f94abfff9352d8adca5e5fd0dd3d
1400,856,9b570a80cffe71142c49ba04294bb888
1800,857,a5231fcb1ba0924e8e512eb6c339e020
5200,858,605c9d0f87186ea810cf1bff39e596f6
71200,859,18839774f541072b711fd12606c69417
8100,860,65e6d13f3f576ea5164343f933095d90
810,861,f789716c92a3fa23e6cac1c54e026254
7100,862,29588ee26d2b4ada99ed03271ac814d2
9500,863,64181a75e62e6c57c5825d9050dfd4d4
17700,864,3a15291e2e33d40f09c1289d49249478
150,865,091be149f1c4981c4c7b086ec7be88f4
2200,866,74c3ea252182438d06aa317d0ece4d1b
1600,867,80f00e27723eea4e73d0662082db44f1
1800,868,8e896244f3ddbd25d97226a607c29b6c
5600,869,b8f6d6f953290862f94102a856eed34c
1900,870,6a841fbd915948ac8cd9d3c212539379
2600,871,37e622a924b052d5995afc9f1d5fce23
2200,872,ccb7b4b9f1e6d7c9febc862865edc909
270,873,7c2812af40d0a31fb0d767e88bb39932
5000,874,986133f283e600466705a9517e66faac
520,875,df7679e31649338e40aa2ed22c82f9e7
1100,876,6c149f64f1e7171d52959f0c8ba205cd
390,877,ff3982792a4c353be4fc6c9038f38346
3000,878,8519ced6a9cc20d24bdb78a450b1de04
2800,879,5b3afc95f1aaf768cabbad0e5164d00b
200,880,8446b6d4e2f848b6bf2cebeb9b229075
12100,881,f89db8ec90da974690c579f530f63cb3
15400,882,3e8ad9a0c0df9137352326fe1a914825
590,883,40a561446fb7211413be0f6d8561ce78
1200,884,b13950421d00b37a2173d512184c6a2b
770,885,4d460861ba1f488787461c1418c16c4c
1200,886,fbe9e5216ea21f5ad5247918be966446
140,887,8338b1a3d3148b360838d285dbad1d37
11800,888,22d3b59d5b3eac26416db5c64763f696
37900,889,330720823fd92570e9ba1638fc3b00eb
510,890,6a2b36024c05c78cd5bbe951a1a1162c
7700,891,fe73edd7a5dcf13b99e2ce13f24747e5
190,892,bb28743f2f4e9f21825791afc77c08c4
820,893,108e611b58a48ca0b6a1b60d70e31731
1400,894,6fe7e34ee25b7fd68d4740962dea11bb
300,895,b57d6433013c97e6c30f38c5a39f8854
3700,896,ec4a2b316a611652bcf7bef1e93439a0
890,897,65f6fe26896923523595ea9be35ea011
5400,898,0d711c56e8ebd3691b8019e6a05ba10e
3100,899,075b67b78a34d44cb78cde82a9896e5c
5600,900,556286a9193579bd47f0810ce727e049
1600,901,a2888bcfa0b812e21855095dea17198a
480,902,4f4a378595da77191b291126ba2b3d24
1600,903,45f6a2a101d78f045cfe719314e4c61c
1900,904,2e5da3105b6731ea58520cdd1700a08a
9600,905,afb8e4af31d2a9150e4a21f257d4b443
280,906,ae07f20a1e5b1cfca3406a5c04aa8c11
39600,907,e8b0ec087b711a14c8c4372616a6f630
200,908,c4e5b3e64f95b18127972c0f002a5fbf
70,909,2ca38fa2daaebdbf1d8cf55a52fd1707
900,910,408cd498cff8e1747073cfdceb7496e1
180,911,013e48795490b36a3342c077313b8a3b
5200,912,b7c683c7b542b7461768e927d14e0aa1
4400,913,14b2d75275a848496a7d12e121d8d59e
12300,914,8d2b98fc5012f2bf8f2579dd5c3cf31f
3600,915,d305e362e1b6434077f5ab094646b226
1400,916,3d09d70cba3279645d1a5f727d9703fe
1700,917,2a277ebc4d4f3b88a82e5488432d8575
3100,918,e0a83e827802ae5c81200911dbb2e24f
5000,919,5175dbc266d92adb4daf2e3fd039a64d
2700,920,141291dcca44178ec49f4226bac141f5
4500,921,c1b77e3139b5a5ee7ce15eb32174e0e6
1000,922,c53eeaf1247c562b5a40ab1a42464c66
1100,923,d87a0db9c50b29926566b54d77078686
930,924,6f63ce9d8987c0345a035bc00d1b8aa8
1500,925,8098b6641801d2e71256596c853d2bbd
740,926,0df31249207583c1d32aeee9ec4431d3
19400,927,515313cfc7ed4813a2b01830ae16df52
4400,928,37579482aa28c1cc8a4ebdda50c5d973
1900,929,4cc2405357cdedd3ffae65fec469ab94
870,930,f12838d56374ca6633944e042bb18401
16800,931,6494067a81db27b5ae481dc0e9df3bfb
2200,932,7d6577ac759a25793169bdcec564e3d2
940,933,21dc5b1a5029646438fbc99451e56828
13900,934,ba1b524354559b4350e4959efe1c94aa
1500,935,a753edf270545d7e3ee3e25d8c959683
2300,936,3307c1785a478c69447e32f30c120276
1100,937,874d824c8d263ebd047a4140c15d341c
1400,938,4a5fbae70f448b30963af959c70a8f7a
10100,939,3a521066420f1b35be96f1b2913d08a9
8600,940,e2d6bb5c164b4309624c1d7496069d28
850,941,9c2d22d513c5a88e7035890b43d3c458
15600,942,64ad60deb8b80fb60a322a1dca1ad726
