shstReferenceId,PEMSID,ft,lanes
000619909cfedfdc3ae846759247e09f,"[404433, 407341]",Freeway,3
001faa1f8bf0fafb4298b7438a83b506,[400615],Freeway,3
00441ada4f77ea0e20dd17acd688e289,[404649],Freeway,3
005586c0c986e59d4dcd979513f7e8e6,"[401943, 402067, 403410, 403411, 403412]",Freeway,4
005a078054386cb7659bcbbdacf61c63,[400929],Freeway,5
00ff1d8493ea56e766bedbd47663cbb0,"[407358, 407359]",Freeway,1
01248bbf4c897c845921a9c93c8d609d,"[407328, 407329, 407330]",Freeway,3
0167c71940194a800e0c35023a9933c6,"[409722, 409723]",Freeway,3
018c32728b73695ac776d4181f35ecf6,[401134],Freeway,3
01a23a9cd090dd752fe36221a58a9b92,"[406606, 406605]",Freeway,4
01b68f4163dca71605b6736b14771562,[401592],Freeway,3
01bd71dec90941ffd0ba8a8b81d42e24,"[401913, 401649, 411575]",Freeway,4
01e1fac1a94909bfa0a325ca213dfbd6,"[403339, 403340, 403341, 403342, 403343]",Freeway,4
0204edb131501915070eae3798cd73be,[405046],Freeway,2
0224135286a3e460ba45946c21e3ce98,"[400754, 400577]",Freeway,4
02965cd6a4b8fea3a9834e65efd64d7d,[402391],Freeway,4
02b0be7186de823a19b1bbd0ae45ddec,[406562],Freeway,3
02c35da61673fc311c4b94217683b922,[404269],Freeway,4
02cc70b5e30b65cbb078e2d800854bed,"[402206, 405273, 414309, 414311]",Freeway,2
02eff7da4c5bb9442a83936632004b95,[401758],Freeway,2
0312663d6cb34795fc28290888130af9,[404629],Freeway,5
0321ddce9cc98ab88007331836b9ee88,"[408162, 408163, 408164]",Freeway,4
03a69752b397746b483939f6ae029ed7,[400738],Freeway,3
03e38609f0a7649f4208c49d2592cc8e,"[412065, 412066, 412069]",Freeway,0
03feb16ac644b3d618c633e9996a79c9,[409933],Freeway,2
04032712ab4eb219fe17d3038629b086,"[403405, 403406]",Freeway,5
0459d307126dbd9e70f67a56f612f218,[402596],Freeway,4
045e5a77d125a697ba50cc6b8768f8df,"[401474, 404534, 400388]",Freeway,5
04d4ef0de837e01712ad18aa356ecb79,"[408020, 401785]",Freeway,6
04dd18fe625b418696975f306bb2aa31,"[400965, 402877, 402880]",Freeway,4
05029675c0225b80a37278e13035dc9b,"[400410, 401880, 404431, 404432]",Freeway,3
0525f0f79ea98182a1242ff6ba9a6145,"[409666, 409667]",Freeway,3
05364c3f43b97bcaf0695f184dbdca62,[402041],Freeway,2
0544cd411ec040af76f415fbf7a6954c,"[401385, 403164]",Freeway,4
05b905bcc1908505f36e4e6919a7ce67,[400338],Freeway,4
05d6c8bc2092fab1632e87c71727762b,[414028],Freeway,3
05e2c8efdec030bf1e2a7a3cafb1e9c3,[401781],Freeway,4
05e9efa928325174af725f4ecb1bff40,"[402316, 402318, 409462, 410163, 410164, 410563]",Freeway,3
061874fa2e319e9508c5466b2feb5a6a,[400031],Freeway,4
063e8ee8aa84813a9e3b873ee4ba007a,"[409956, 409957, 409958]",Freeway,4
069f720ea3c4801f25f997f04e7c0817,[401579],Freeway,3
06f14e8719701f07120f3a10fcc50c74,[400861],Freeway,2
06f878916295cca752f7d63a62afc537,[400736],Freeway,4
0748bb7024259878d30ccbddf49603b7,[413028],Freeway,0
076d5128bd8970a7d51ffa2965750e32,"[402257, 402259]",Freeway,3
0775878f01bc7c63b1cd11325e82b78b,"[401038, 401073, 401614]",Freeway,4
077e30ea82054f8df8e82c236e577aee,[404370],Freeway,4
07c01a54ffc328e1ff290e91acd22e7e,"[405397, 405398]",Freeway,3
07c1815feab000de951dcf9b0e2062ec,"[400313, 401480, 407296, 407298]",Freeway,4
07fbfc45f7052c4655e5efbb1ce671e0,"[400363, 402950]",Freeway,4
08134d2cca3273f0704b53b7f6a2489c,"[402134, 402131]",Freeway,3
0857925213f8f49dcab09c65d1dbf102,"[400105, 403089, 403090]",Freeway,4
087e221162e741bb3bf5a508f48494a1,"[403242, 403243, 403245]",Freeway,4
08b3fc209af528c0aceaa74d61934006,"[400538, 407286, 407287, 407288]",Freeway,4
08d061f6cdcd4f02607399c66e91b5af,"[409668, 409669]",Freeway,3
090ea244d31d7dc6a40d68bcc9edc600,"[400418, 400654, 406822]",Freeway,2
09431086930f64097e8748a314428b2b,"[400203, 403074]",Freeway,4
095df28de94bcb0808f5871a3f068e2a,[414247],Freeway,3
0967cc37d084df1dcf9d72700731df9f,[404752],Freeway,4
096a0ec2b048d498b014badfa996b804,[413376],Freeway,4
0982eab09a68fb3793dd078cd3e6cce8,[404603],Freeway,5
09c8e6efcd72d6c6b22bc44147fae2e7,"[404361, 404360]",Freeway,5
0a156241983e4c8b817b1d773b8f6c1e,"[401509, 400329, 407260]",Freeway,4
0a3c4db5ea8e12371dbff7c0f1d343fd,"[401395, 401673, 403277, 403306]",Freeway,4
0a7cf468f15581227802a5e1c61e21b9,[404298],Freeway,4
0a9859448e078a5bc2df5a32a1a539ad,"[400792, 400934]",Freeway,3
0b005e102f5f47bd9f9fa735864d8500,"[402763, 402769]",Freeway,2
0b01149718a894b651c9b6fcc83f2955,"[413390, 413391]",Freeway,4
0b1d05865a11f3fede12a617103ac595,"[401253, 405763, 407279]",Freeway,4
0b474d6d90110718a7c508596c3b2da0,"[402603, 402747]",Freeway,2
0b478ada513cbfff2706acfd4f520f7c,[400953],Freeway,4
0b612c4cb50bc65e9357b837cd2d84b3,"[400178, 409131]",Freeway,2
0b949f5f294e3cad382687858a03b8f1,"[409100, 409101, 409102]",Freeway,3
0baa849be9b3ddcf370f836a8f2176fa,[404363],Freeway,3
0bf70753e1f750b9705b5595eabb5bbb,"[403257, 403255]",Freeway,4
0bfcac88b4dc0c45bf8a2677c9a3709b,"[400276, 403062, 413262]",Freeway,3
0c2722f61be561141951517eddc3645d,[409868],Freeway,2
0c9118220dc07cc586a8db9e1ef680fa,"[400381, 403294]",Freeway,4
0c95b5edb4efa755ad0e5fad2d1408fe,"[400026, 401452, 403134, 402858]",Freeway,4
0cc701d796c0759f2aad3d03ece55c9c,"[402837, 414031]",Freeway,3
0d5c419a8887293d4eb5e52a375a2ff5,[402204],Freeway,4
0d80d81849bfcf69ac9ab09f78bcf4ac,[409226],Freeway,0
0d8c887287af1b1b2605dfc706c7f2fb,[402754],Freeway,2
0d9f2890161f6c83c31d3e3040a8fe14,"[400800, 401683]",Freeway,5
0e02435a83959b5ec5ca49b0bc37a4af,[406609],Freeway,7
0e2e0def80947f03091c82048126008f,"[406687, 406688, 406689]",Freeway,3
0ea276a00997f1ff4522759aaa6b1e11,"[400540, 405843, 405844, 406296]",Freeway,5
0eadd5ad07880f5af5414e6c5ef07cc0,[402129],Freeway,3
0ed3487327fc62837bf87b1ec43de15d,"[403320, 404245, 404247]",Freeway,4
0f0802f52b6b8e9b759e27e49694e0c9,[408602],Freeway,4
0f168798e8ea24ca5dc330b4ac5c2f50,"[401015, 403093]",Freeway,4
0f44c10881a147093ce6bd0e97e5323e,"[402121, 402282, 413041]",Freeway,4
0f4c842efb31aef52000b7af29bdf833,[404265],Freeway,4
0f79fc9952c739cc0499cad8aece51ef,[404648],Freeway,4
0f9e6fd1655a9f0c76df2ac39be990a8,"[403327, 404255]",Freeway,4
0fa1835adfeab0e462025b4fc927b390,"[400764, 405269, 406635, 406636]",Freeway,4
0fe0ce06a72fffc3f1eb0125393c9c17,[400567],Freeway,4
0fe6341e20240d4091831de1ddd5778a,[404573],Freeway,5
1027e6c1a74f5b2e8a91e68644dff57a,[402281],Freeway,3
10477b947616a3014c124be492bf622f,[402418],Freeway,5
109008f26f2ae94e05fefd857138ddc9,"[401597, 404452]",Freeway,3
10906227c3352fdedd43262f81fddbf6,[403525],Freeway,2
1164a779f615ef5168c9f72d2d9f2f36,"[405602, 406657]",Freeway,5
11726f8ff31e34aafe5759252cd0a347,"[400956, 403025, 403026, 403027]",Freeway,4
1178f83ef0d76570da88b0a4c3de3abd,[400213],Freeway,4
11c7937c638e9e8eb7422a3691f6da4d,"[407868, 407869, 407870]",Freeway,3
11c7f7c7a85a86a11a50bc5bd40e4799,"[402151, 402152, 402155, 402156, 402157, 402540, 402541]",Freeway,5
11e6eeb964a9ade9fa88e5e04ccdf547,"[401877, 410814, 410815, 410816]",Freeway,4
11fe7b18bfbda0f3836958ee830ea948,[401703],Freeway,2
11ffee4fd9762dff5268fe7af06daf48,"[401283, 403145]",Freeway,6
1224345577927b818c8620e07e82eb6c,"[402416, 410698]",Freeway,5
1254dc0ec1c154b4881aee3f12a6114c,"[401651, 401868, 401870, 405885, 405892, 401883, 412248, 412249, 414239]",Freeway,4
1280264718ad1e346c0f7fe759fcb77f,[400608],Freeway,5
12b8a0e162fc53357072b12141cbd7ed,"[402353, 404519, 404535]",Freeway,4
1333bce9382f9a1ce75a6f714ce53acf,[401437],Freeway,4
1380c304aa105648dae50d40bab1a18f,[411793],Freeway,4
13b2c45b12cc6724660aea57bd84bbfb,"[406056, 406057]",Freeway,4
13f7086211ed6372c240ba1ad98e57d8,[400499],Freeway,4
13fbe0d75f54cb0b7047065393d66e57,"[400673, 400084]",Freeway,4
141f2a3235c7e1cf949a6280d1a49f56,"[413716, 413717, 413718]",Freeway,3
146306b33452570332a431da0ff73172,[404250],Freeway,4
148ce807862b9b8c762c092d992db15a,"[402387, 404516, 405826, 405828, 405827]",Freeway,5
149ae370c38719b121f7164002aa0dce,[401199],Freeway,5
15209a31c1af42f42989482bd9214f6c,"[400514, 400723, 413046, 413047, 413048]",Freeway,3
15315d08227487de47479a4423ecf4fe,"[400682, 403039, 403041, 403043, 403044]",Freeway,4
1578e83951e6d7859622e62619e2d0f6,[401571],Freeway,5
15b05eec80bc50021c295877c342120b,"[412392, 412393]",Freeway,2
15da3361ea4c580721a32d4827ca0216,"[405746, 405747]",Freeway,2
1600191cfe57b0c99f327423b1cdd978,"[400307, 405420, 405421]",Freeway,3
1601b9f7d896ba4cdf6940b364736b76,[401539],Freeway,7
161e14efc48f6ca2d844dc105f1ad80a,"[400521, 401537, 409044]",Freeway,3
166e2d09b352b9385543dc5965f1d044,"[406575, 406576]",Freeway,3
1686da9a34d42ffc0de5bb4a9cc1d7d1,"[400532, 400579, 404380]",Freeway,4
1716f462f7e5662391edb5e5e29828f6,"[400571, 400096]",Freeway,3
172a6270b128cc36026026204b1de248,"[401631, 401634, 407953, 407954, 407955]",Freeway,4
1735a2b0ae3af924e382fc2646a52c88,"[401011, 402972, 402973]",Freeway,4
174488c407e3d20b6394ee29cbc52621,"[410812, 410813]",Freeway,0
17872fa8f8bd87376ea0659552e36d7d,"[413091, 413092, 413093]",Freeway,4
178c573e12c30e35959d703e796ea7e9,[402733],Freeway,2
17f00c14a5c70358420ed8c6571683d1,[407168],Freeway,0
1801f0b5d6c548dfeb1908daa09bc409,"[400339, 403116, 405712]",Freeway,4
187634025e80ef0675ef14bace5fde56,"[400369, 403069, 403066]",Freeway,2
18cb795a20db9a40b8628511c392c60c,[402584],Freeway,4
1914708ef9be603328a6aa1504e8e89b,[412339],Freeway,0
193611b3ca0259cd54d21df768070361,"[400648, 400828]",Freeway,3
19ae24a325f60161a1f8d53a770a6c93,"[400265, 403072, 407477]",Freeway,2
19c329223871ef5ae5ba74c17d05af42,"[407457, 407459]",Freeway,4
1a01ce07153cbcc163fbfdad8358b893,[402827],Freeway,5
1a20055d9c41d9acabf571fcd25452db,"[400189, 402947, 402948]",Freeway,4
1a422d1cf1c1c9db860af596fa9f4e58,[402038],Freeway,2
1a484cb26025b16ac99805a4e383a3eb,[401399],Freeway,3
1a491fafe3013706604bc91e0a23b9c6,[404918],Freeway,5
1a60ce5dac146c1af99f432cc76bbf7a,"[401522, 403152]",Freeway,6
1a831a4dd1ca80391cd598f8b8f0913d,[404279],Freeway,4
1b2bf95984c74f449d9bab97e1d3f889,[403228],Freeway,4
1b8b9c7b874c548ff1137a139614b62b,[400101],Freeway,5
1ba240dea90eccceaca1bf7bce83db12,"[409940, 409941]",Freeway,3
1bb17adc45c21ad17d07cb32ff987bf2,[400252],Freeway,4
1bbc74bb9b614a0bf37b8c68dab3e579,[402087],Freeway,3
1bce7a622f2860fb955e88f576ce11ef,"[401012, 413139, 413144]",Freeway,2
1be04b92f79c191d50da317210c87f0b,[400201],Freeway,3
1bf827925ebdb9ec93723a3f22d50b6b,"[400810, 402966]",Freeway,4
1c13681feaf4c1ef1f29e87ec86dac58,"[406287, 406288]",Freeway,2
1c159b355d757576a182ae5291a4c206,"[400394, 408410]",Freeway,5
1c3a34da87d91518d2bd83fc6af19164,[403314],Freeway,4
1ce4068853386bb3cb949e1e6044844a,[401704],Freeway,2
1cf51829b90c8d90ff88da1f59841b33,"[410788, 411447]",Freeway,4
1cffe48cd2709bf4a5767763f16ffc04,"[408133, 408135]",Freeway,5
1d140df41c47950b5fa885108b91332a,[400318],Freeway,4
1d2cafdfb006265d335dc8f81c9c89ab,[402047],Freeway,2
1d2eadf95dd49c7932dbaf41a5403591,"[409938, 409939]",Freeway,3
1d52fe7886e7f11400930b131ff87b9c,[400758],Freeway,3
1d6c62f9d299b8d1df4c4d5c8f19cca1,"[402925, 402924]",Freeway,0
1de4265d54f568cad50be81b956e515b,[405389],Freeway,4
1de4f569aa6a3315045094f77f7927e0,"[400804, 401908]",Freeway,4
1e086f3bb4fb8c3bc39a55fd9635be10,[400639],Freeway,3
1e1178e625b1d47178fee604db3c6339,"[402438, 403103]",Freeway,6
1e12c4cac3fb16fe28f716c272476acc,[404264],Freeway,4
1e24aa4cd34349e485a3c1571dae9512,[406889],Freeway,2
1e4da38fa1f90e1c039849dbf8237f81,[402389],Freeway,5
1e6813c0643f0aadaeefcc6691b520cb,"[401243, 404397, 407274]",Freeway,4
1eaba0fd38dff784c7f9d7c82d6fe4e9,[400082],Freeway,4
1eb5280d00b9f7c20fb03ba826fe7606,"[400184, 403081]",Freeway,4
1f068be799c2e788a69df7c76e78d034,[401277],Freeway,5
1f1cdc6561cbdb8b91b627fd42b30c20,"[408465, 410769]",Freeway,0
1f66329e56ec5db37a71a8ecda8f3e9c,"[408161, 414041]",Freeway,5
1fc9a9484a076186c69aab073830b43c,"[409681, 409682]",Freeway,3
20010ec3b5f625f7c6ae444eb7874f83,"[400739, 402953, 402954]",Freeway,4
204a12a93cbada9b94ac84d748d04cda,"[400948, 403115]",Freeway,4
2060be40c87214af8efe3be5aa31fbe2,[401789],Freeway,5
20e6ff98646f6f090054612b293b0506,[409232],Freeway,4
21004bb88e7c58e7cbe895400b1e9f0e,"[403142, 403144, 403143]",Freeway,0
2102b187eea98e6608ffb03f764588da,"[409733, 409734]",Freeway,3
21063260b03bb4e53e1a54e15147f5fa,[400816],Freeway,5
2120e376fa371d6ea5c92fa111772690,[409729],Freeway,0
214b3f271ad07c216436eb88104720ee,"[402789, 407219]",Freeway,4
215dfb81a0b912111e339e1f978baa79,[400314],Freeway,2
218ff7bd29a845b4867bed60ab98cac4,"[400292, 404637]",Freeway,4
21c1a8d8cff05b2b8a7585fbddbab186,[404668],Freeway,4
22172296d3bf231492adc2c4eaf8cd16,[402242],Freeway,3
22230e188aede8f5db4929daf1dadc8c,[402142],Freeway,6
2244e59508c6cd268fc585767b5546fd,"[407475, 407482, 407483, 407484]",Freeway,4
22520e4b864de2278bbc9a3460daa3dc,[404254],Freeway,4
227b0d568b4d7897f92ac50da44b21f4,[402000],Freeway,4
23115b131b370bdf2783ff8939b2e76f,"[413635, 413636]",Freeway,5
232ffce9c871f1af20648c3179c88edd,[402572],Freeway,4
2341c92999f853512281ab9f5de8cc9b,[401343],Freeway,3
236c56ae7b8d6c01465d0cd6f4da517d,"[401381, 400103]",Freeway,4
23ba7a1c93654bd8abb6a85d8674bb5c,[402528],Freeway,3
23fdfd7bf3518e25698ef1630ac02f31,"[403330, 403331, 403332]",Freeway,4
241f019ec9ffed33c41e3284032ef5b5,[404444],Freeway,3
24a9f3e72c803db44e60edd935410e08,[404605],Freeway,3
24d828a5a48fe7bc0802bc61d873775f,"[402539, 403053]",Freeway,5
2508a02970593bbeaa9fbfd4b412fdcb,"[406713, 406714]",Freeway,4
25c7faf230acac5b95be6c406be9f4bb,"[404435, 407344, 407345]",Freeway,3
25c8cb41ebf2681b51ad7043d237529e,"[407152, 407160, 409063]",Freeway,4
263c7d6329cc57114ba8e8945a85a2a6,[400319],Freeway,4
266694ee2ab93093139026ef2d85ce48,"[403019, 403022, 403023]",Freeway,0
26c62fe0fd7c877058259f518d018dd5,"[401289, 414251]",Freeway,3
26cdf97d8c9d40f22fe9348887dd47a2,"[400661, 409676, 409888, 410511]",Freeway,4
26d12173e506be1d422f1e72f8c169de,[408604],Freeway,5
274e4fee4d8c213db83655723183e02e,"[407348, 407349]",Freeway,3
27593541d10b1bcfcd7048c063ca6866,"[400465, 400538]",Freeway,4
277391ae6e5d7ad974bbb66f7672f0d6,[404367],Freeway,2
2791cb565b295e0b9fe552ebe3732c9c,"[400435, 402915]",Freeway,4
279b677966946e5811b5a321c820e294,[402619],Freeway,2
280eb8745fa7f03574e7fda9d0f09759,[401488],Freeway,2
2818ee6adcc8ff4cf7066f333255d84c,[401137],Freeway,3
283ab4d618b9eac71c63ea4f1bf3498c,"[411233, 411234, 412786]",Freeway,3
2843ab2c84f16db9dfb26692227a8a96,"[407439, 410141, 410145]",Freeway,4
28463f71c4b723d71013c9244b2a8263,"[407157, 407158, 407159, 409061]",Freeway,4
2851096bfd261fea7b350d11c05ff8b3,"[400190, 400498, 403031, 403033]",Freeway,4
2854a17aa2cd305be59fc19ea17c71da,"[409720, 409721]",Freeway,3
288ebc5482fda5b0b68e68e1228301f1,[404625],Freeway,4
28a5c06e9a86a09ac86129d617acaaa7,[410502],Freeway,3
28bb7d4054d4da2fda957bd8f7100811,"[401857, 404663]",Freeway,4
28d4d956f75454a8c4ad2894336ebcee,"[400995, 400065]",Freeway,5
2928034d8f7cdaeb226a4485d254c25f,"[403239, 404713, 403235, 403236, 403238, 403240]",Freeway,5
2952e809b7be7a39e88a747984c89296,[401481],Freeway,6
29abac221c7717007705a5ba31626893,[401444],Freeway,4
29f9cc82a78fc3a1309d5e1765ad2124,[400565],Freeway,4
2a1cb280f4d3f9d9657a47e41607d2dc,"[400202, 400216]",Freeway,3
2a4ea14bb780c92082d21e5d35977cfb,[414250],Freeway,3
2aed41acd5da9415c89cde016a9df6c6,[401053],Freeway,5
2b2dd578ae3af282878affbd61f45fd8,"[400420, 403086, 403087]",Freeway,5
2b75937d394e97cfe0e7b7f68081f23e,[400692],Freeway,4
2bed83512427314a761626425467cf78,[402565],Freeway,4
2c650fda69270f09bacd9cc3c9f77d34,"[400409, 402944]",Freeway,4
2cf8f16b7810eb966dca71682f93e9e7,[403334],Freeway,5
2d162e6155ee42bdb79741cacd4390f7,"[402798, 414011]",Freeway,4
2d45fa248921fb5960071188433a708f,[412395],Freeway,4
2d7da0d1a8c5b46a100702f5d0d7fda7,"[407199, 407200, 409077]",Freeway,4
2d8fdd364113c030dd8a9d3cbcd289ba,"[401233, 403286]",Freeway,4
2dafec8752d362be6789bd03f10fd6cc,[404676],Freeway,4
2db0dbd7bb3cc49582788ad272acce38,[404292],Freeway,4
2e12dbc79f45a8cea6902a7694933e93,"[414050, 414051, 414052]",Freeway,3
2e359258cbd7a4c2a34854bd2e90802c,"[400791, 404719]",Freeway,3
2e741b59b239e3f876ef4df89e5f5dbe,[401699],Freeway,2
2e896afcd6cfbc42fa0dae4fb6dd1c1a,"[401762, 401770, 401778, 403056]",Freeway,5
2ee70d9fde6758f9f5b03b9071245b4a,"[400941, 402945, 402946]",Freeway,4
2f09a692b696cd9411b3bb2779144b80,"[414025, 414026, 414295]",Freeway,3
2f2998c842b19ad39ac6f50372c4370a,[400568],Freeway,6
2f496579fd26999c8ba7405d8ff72a40,"[401467, 404560, 400783]",Freeway,5
2f7967cee0c131a7f9c64bc376e4041e,[400238],Freeway,4
2fb1f33100be494eaa8c8f94713fe0d0,"[407363, 407365, 407364]",Freeway,3
2fc7780cd4e0fa000fb85257e0dd4597,[400231],Freeway,3
303f2d68ac3712bf4e632bfab13242c0,[414039],Freeway,2
3067e92a48626174b8bbb51e751c217c,[400395],Freeway,3
3083571b723048cf79bbc8ac2ae47dcf,[400052],Freeway,3
3084a52c377cdbd4a95bf9d3c34fce3c,"[400436, 403329]",Freeway,3
30948eef42a6e7b577420e6317ae411b,[404714],Freeway,4
31325800408e2edcebcdafb2b1779de7,[404604],Freeway,5
3169453619a893bf5828a3d639fc5556,[400835],Freeway,4
31d3f9be37ac893935d2bb38989cc349,[400676],Freeway,4
31dcf6d961e8d70a0aed5c02b695e7ba,"[400049, 401568]",Freeway,3
31fa49b4df8fd6f3f71a191a3b8372f6,[401637],Freeway,3
3232df5c869f75ceef1681ef1dc3d260,[400972],Freeway,4
325f08e5f0dc33104999a21d4838b9b6,[401997],Freeway,4
3278e5e2b043dce823623307d080f955,[402126],Freeway,3
328ab08fc6b88c8fb499b43fcbcc9397,[402589],Freeway,5
32955aec4b2aa3c5751cec952fd13f7a,"[402477, 408000, 408002]",Freeway,4
3296351e2f4dd4732d93d67d827bf3a0,"[403266, 403382]",Freeway,3
329eec8e8dc35bcd8d3ab65b0e363c3c,[401609],Freeway,3
32b4aac446361164de4eafdabd39b42a,"[400057, 413029]",Freeway,3
32c5a85ffe924ef1c3c8b1a1d1265543,"[400122, 408438]",Freeway,3
32d8ced62663b6ad645742b2588f7097,"[400636, 400933, 403124]",Freeway,4
32e405079fb3d399d45c14acd31aeb30,[402581],Freeway,4
332537c68c2ac5a5ed30357aca820d90,"[409966, 409967, 409968]",Freeway,5
332f91d7ec7de5ee5c4e4f6aab16436f,"[403060, 403061, 403059]",Freeway,0
333bd8799929e6b0f4361721fcca930c,[404672],Freeway,3
33536741d4e31541e3e29086a96e7813,"[403113, 403114, 401003, 403001, 403002]",Freeway,5
3398a11763e877aff9139c482f809043,[402570],Freeway,4
33eeb376201029b281dd5f0a371ff0a3,"[408614, 408615]",Freeway,4
33f482a2a47dfcbcb1ebeeaf1841cbe5,"[410115, 410116]",Freeway,0
3483f6d1f2c3736c34f130b45d8c913b,"[402017, 407964, 406327]",Freeway,3
34996492d5599e44d829aedae717f79e,"[410761, 410762, 410763]",Freeway,4
34ba1566f0d774baa4d0bc4a39d776c5,[401285],Freeway,5
34bd6e7298420d4e0f501f488ff5f24a,[403154],Freeway,0
34c3e1154bbcf2d6e13c700b8d0ade03,"[400093, 400300]",Freeway,4
352564e5a16e7fd6e174199be495700a,"[403205, 403206, 403207, 405679]",Freeway,4
359a98c2badce5aafb3c96834b1a6950,"[402234, 411804]",Freeway,4
35a0eb77f49f4843b03838bc6703d60a,"[400576, 401362, 402941, 402961]",Freeway,4
35ee29a962bb2d57bddb5fd674289d13,"[403407, 403408, 403409]",Freeway,5
360091de9ef1bb749bc9d93c97de135e,[402070],Freeway,2
3613705b902e4f9d92aca02ebc941ca0,"[401587, 403178, 401594]",Freeway,5
363b3759e59db5d46c9c73024df38f42,[404718],Freeway,4
364f54492dcf265f06ac37d4fb9d3b15,"[401327, 403413, 403414, 403415, 403416, 403417, 403418, 403419]",Freeway,4
3654b40dd2fb068207d17efab125b210,"[401649, 404572, 401875]",Freeway,5
365cd7f9dad7f91caeeff9c7c111a547,"[400335, 400546, 401434]",Freeway,4
368efdb25ae653e144c2fbbd87ea8cc4,[401744],Freeway,4
36ae2df807971951d22c3701d00032f6,"[402352, 404550]",Freeway,4
36bda1a658d83113cdcfc817ebeeb75a,[401156],Freeway,2
36f39ad673b89098e1f9de528751b7ff,[402043],Freeway,2
3704c339651b191bdf56a998495f38a7,[400683],Freeway,3
37484a80355bb7edc754519f2348ac38,[405780],Freeway,0
38ed7e156dda645a42bfdf133ffaeaf5,[404597],Freeway,4
38f757ac31f38959612eac4e2ef1a538,[401545],Freeway,5
390f485ead7b0e463f286000836f7189,[412010],Freeway,0
393c806462e2453f2ebdd5c5e650c702,"[403322, 403323, 404246]",Freeway,4
393d3f0abb902fcd0d2798d25cacf7a0,[406871],Freeway,2
3946aed5adac87ffb7f6c4a4c2a696f9,"[400443, 407247]",Freeway,4
39c450972647493b93e28693a62a3230,"[402521, 402522]",Freeway,2
3a25288a330a4cee5b82c2e1124ea7ad,[409528],Freeway,3
3a2d2f5e05e534804d839747516a0d6e,"[401443, 414212]",Freeway,4
3a5a45b487f729f86852a49ca600fac2,[409856],Freeway,3
3a695142aa93574364f9e3d91373709a,[402591],Freeway,4
3a983e6e9345f7b477a89d0d22064661,"[401260, 404392]",Freeway,4
3ae984ef5fda96435296332cd84451a0,"[402044, 402045]",Freeway,1
3b189be89e0368282ce5836cfc146f8a,[404643],Freeway,3
3b299c47bf31306b256873144cd545aa,[401431],Freeway,2
3b4c78bac60f685fcb6f15a97255b937,[410787],Freeway,0
3b8ebd7ac36488011c7407c0c07ab981,[400677],Freeway,4
3bbb726f5deaa6db441f68080aa551e1,"[401517, 401871]",Freeway,5
3c1b724b4f38539137f1689d52d80894,"[401218, 408108, 408109]",Freeway,2
3c4cacfc4ef375be85f542bb2e7aeeff,[400916],Freeway,3
3c507c7de05ed23384fc518a74bf7fd9,[402365],Freeway,5
3c6f434d22f8251e2ae6f2db7e61c093,"[403326, 403908, 403909]",Freeway,4
3c708bb767fa4d22216ac0f365f5745d,[409673],Freeway,3
3cec5df45a9e2ed3f7e9e6b231a4dc9a,[401855],Freeway,4
3d87483056bf3f3b2e3bfedb5e7d712e,[402120],Freeway,3
3d8fc9128d992f22cda8ac1bab588cba,[402410],Freeway,5
3e14c1518e2508dd1e98cd6772ba3c7b,"[400437, 403110]",Freeway,4
3e50d45d446634e39e7346b352280841,"[401547, 405323, 405324]",Freeway,2
3ec877c94f9053c7926bb8b870a684e7,[401394],Freeway,4
3edae59b4832e9ee827008ded7bb9fce,"[400378, 400819, 401041, 407307]",Freeway,4
3f0dc8391cc4c72d566b743ed327b5a0,[400622],Freeway,3
3f67ba0a9c38b568bc4d4263f26c3aed,"[401952, 414032, 414033, 414034]",Freeway,2
3fa5e04fc9157fee11c7e44954648e6c,"[400261, 400302, 403127]",Freeway,4
3faa9ee7e4366a11a986e4dbcef297d0,"[413786, 413787]",Freeway,4
3fe69a55506d7a078c327d075af084c8,"[400009, 400176, 407281, 406659]",Freeway,5
4028462195030d6f304bac38441cff5c,"[406715, 406716, 406717]",Freeway,4
402b540fdb3b81a8086bbc1bc0526a60,"[407187, 409075]",Freeway,4
40a60cab69bc96e17c0b7575cdb91fc4,"[409678, 409679]",Freeway,3
40ae8c918853f06a89f91055d4d3a425,"[401447, 402859, 402860]",Freeway,4
40fba0dc486e1009020fb8dc7e6db45c,[402269],Freeway,4
40fc4c07fc7b4a2f1e17e2b6b8d27ab4,[409919],Freeway,2
4177dd052592e338aa2b92a59e4fc66d,"[410764, 410765, 410766]",Freeway,4
41b2c79ed0b1108a43c694cf475b72a2,[402263],Freeway,3
41c86080bbf3294b9eec60be84671f24,[400015],Freeway,3
41db44b15d518906141837b854fafc4e,[400350],Freeway,4
41ddb3e5c0eb6577a08fe63c050ad775,[409918],Freeway,3
424fe9c8031bd98f7327196514e83ba3,"[402407, 402426]",Freeway,5
428160dff20b9cc2022e40e343880ff1,"[405857, 405859, 405853, 405856]",Freeway,5
429ad1b953a519ba1a2760dab2bf1619,[400902],Freeway,4
42b3fe1cd0b6e3f97fabd96fcf03ba2e,[400505],Freeway,5
42b72bf74897f7de4a32a4b1cdd0f35e,"[402058, 404463]",Freeway,3
42bd3a4546c145c3a9ad66ead0cf0658,"[400400, 402876]",Freeway,4
42e96fb77432121c84703d7a9aac9054,[402260],Freeway,3
433e481bae2e15f58403a98e80f171f2,"[402703, 402706]",Freeway,2
43655ef563ceb468f556edf4c87d4cb5,"[401507, 401949]",Freeway,6
43c8b0271968a33fd2f95500d7ad931b,"[400150, 400303, 400785, 401373, 403121, 403135]",Freeway,4
4417645089296e3b9214587a434008ad,"[402940, 402939]",Freeway,0
44a774889d1eca7a2cc39d24782062a7,"[403218, 403219]",Freeway,5
44d3933c2a16eaf5c657e14eec009dae,[400389],Freeway,5
44df4cf2dcf91ffffdf118ad8e599d27,"[401826, 401828, 402203, 402503]",Freeway,4
450aba347b9751a99fe61e1a7e4af062,[402262],Freeway,3
4537a68aede7fb8edad6e3c5999ecc7a,"[400480, 403032]",Freeway,4
453df067c2d393b58b97f8df55088e6e,[401215],Freeway,4
4542ba0e88db17308f9893ff30b301e2,"[408138, 408139]",Freeway,4
455b2ed6c8c937ce285052f214391154,"[414093, 414102]",Freeway,4
4581c91b1cfa902d5060bec987b04807,"[407867, 404002]",Freeway,0
4599644bd2c401a23d121030fd31c24c,"[400349, 400283]",Freeway,4
45ddbc600a6ace4f16453b6860f3a252,"[400923, 401143, 403098]",Freeway,4
46044e9104ed6a58e6bb035ae60deb9b,"[406151, 406159, 402872]",Freeway,4
46099b7a63e7899922f72a8544426b97,[400330],Freeway,4
460f9cf9e451563686cae73b97daeba8,[401756],Freeway,2
4664a8df86638372f67f52838dd8b8bb,"[400186, 402977]",Freeway,4
4672a47d8d03d400e57cf507dba04e0d,"[400478, 403273]",Freeway,4
46c7afa6f70a8de8aab56bb9498af718,[402608],Freeway,3
46cd4fea23398235b251d4c83e139b66,"[410110, 410111]",Freeway,0
4712df136906fad88bbdc7d3f156cea7,[401787],Freeway,5
4746a657695276f54d1199e9e73a8331,"[400264, 402923]",Freeway,4
479635ba6fd5dd161a8dcc0ae8e68c03,[406767],Freeway,3
47e77a8b53f76fe7e22033628218b0ec,[404302],Freeway,4
47f0cf94ff462f60869c23a230bb3531,[400268],Freeway,3
47fe6cec14753937ffd77eb03f49b8dc,"[400741, 401114]",Freeway,4
48069216994f0ef0f6c5b888155bb7b3,[404722],Freeway,3
480ef685bd13aaa5c079434a7723d5c5,"[400360, 400955, 403020, 403021]",Freeway,4
48336daf4cb146ab09857067c79ff441,"[402400, 402435]",Freeway,7
484fcb5d18209dd76440a68cec8cfc8c,[409928],Freeway,2
4878bb16600c2640872138f8c6de3f03,[403024],Freeway,0
488e6ac8b31d77f39addc7cc59115539,"[400703, 410211]",Freeway,4
490affff13418987c7529f10ebb9e0a9,[402444],Freeway,5
497444262033963896b3261d9ffb9ceb,"[406658, 401211, 407290]",Freeway,6
4984b3afb4f8913ea3e7302c29e595d1,"[401720, 404727]",Freeway,5
4986522cac39ab4207ee5d4e2c4e2c1a,[400661],Freeway,4
498cca260dc0b574fe619890a7caa025,"[400852, 401097, 401999, 403107]",Freeway,4
49b122ec29e1ce70823b46351504b796,"[406603, 412042]",Freeway,0
49e6fda6c31543d07a6faa93a021fbc1,"[409881, 409882, 410103]",Freeway,3
4a0c344b9ce9011f75dc2844dffff085,[400515],Freeway,6
4a347f9a0d03c1e9ce1993b666b277ba,[405706],Freeway,5
4a5c5b58960183357a13230069d05ddc,[400601],Freeway,3
4a6140eace178c741f0f5ae3db505b0d,"[400760, 402885]",Freeway,4
4a6fe8103b863beaeaaea6d29abdd06f,[400734],Freeway,3
4a7cd997b20a59b539226a01f522d17b,"[400586, 402890, 402891]",Freeway,4
4ab6f41e59e183ba6ea8d43978352690,"[406684, 406685, 406686]",Freeway,3
4adb195680ebf70c19a79893753d00a4,[400111],Freeway,5
4bc5c34c8f6d6a180572cc1a8d55334c,"[400236, 408666]",Freeway,3
4bc79de1896e74458e092bfaafca48bf,"[403344, 403345, 403346, 404735]",Freeway,3
4bd1ec7ca19decb37a39fba90d7bd847,[404295],Freeway,4
4c26658336f3c8e42f3a86bb5723a0e9,[402593],Freeway,5
4c476428889aa6420244e9bbd900a2e1,"[400686, 402974, 402975]",Freeway,4
4c4d79272f78174bd4bcfc8bb934c27b,"[404294, 404665]",Freeway,4
4c83e19619cf78bece48e29d303adb1f,[403524],Freeway,2
4caa7368df91416316dcc0bf0921d5a9,[402582],Freeway,4
4cc9cc71e3cd8c37ee3c51c5d999afaa,"[402211, 402505]",Freeway,2
4ce1dc2087b78ef8de7c5b3adf4d19fb,[404607],Freeway,4
4cf2e817cdb5b13e94f6df231c179dfa,[403013],Freeway,0
4cf8e37dbb6d14c8bb182e3183178ef7,"[400490, 402965]",Freeway,4
4d12426b371a65a36d899d90d92ff12a,"[407189, 407190, 409078]",Freeway,4
4d68b628f396e16471aac738c87cf30c,"[410808, 410810, 411135]",Freeway,4
4dba5df613ec707ae6784e6abe0f804e,[400438],Freeway,4
4ddd52c9b51fa108d403a6dfbb5377cb,[408473],Freeway,4
4df4ca973eece79f41adb93b14c1475f,"[403395, 403396, 403397, 403398, 403399]",Freeway,5
4e0cea5e56612c6c4068234705a0007e,"[400886, 405869]",Freeway,5
4e3b30badf3f4ed93525d9256795a5ad,[404686],Freeway,3
4e87963a445392b237732d8863f6e059,[402245],Freeway,3
4ef5185e2793431fb6ca54e093f5d4e1,[400171],Freeway,4
4f6d977b711e3d0a53f015ab3b19aa30,"[400309, 402949]",Freeway,4
50016eb703b539720ca92ccb44145d4d,"[402789, 402802, 408756, 408755]",Freeway,4
5025920e2723e5772cab4a26fe48dbe7,[402417],Freeway,5
5076d31de81910774f182758c63f5f07,[404270],Freeway,4
50d7a240ee9c41eaa4c3ba42a4f9815d,[414252],Freeway,4
510bdf2ee07622bb7fb818c7a37de54b,[402942],Freeway,0
511741d3e210e6cb55ade915774a09e4,"[404674, 407150, 407151]",Freeway,4
5132af4cec827e1e335c151c32dba186,[404434],Freeway,3
51ae1e7a4393669a00b7c58d44e548a2,[402264],Freeway,3
51d5da6b2a71e43ca85e8687b8f087ec,[401958],Freeway,3
51d7b7a41090c2f0a806bab2ea659ec0,[404655],Freeway,4
523ea006f54d04189445f1f3fb51e041,"[400575, 401486]",Freeway,4
527acd1679f6bf5072acf497d8af859e,"[402285, 402286]",Freeway,4
5282b78ba8ab58f32dde41cd7e58b968,"[401239, 401901, 407258, 408467]",Freeway,4
52b2bfac7c4f55a3bc28633747e3ebde,"[402026, 402402, 402404]",Freeway,7
52c4effcb264994d92475031c36684cb,[404635],Freeway,4
52cdf5241cddd80098661c317187424e,[400713],Freeway,3
52fdf3ba22d15ee4be4b3bc4f1923cee,[401696],Freeway,2
52ff46a5c7e454a11852414d056e4dbf,"[401062, 401529, 401613]",Freeway,4
536c624da9a6c711a5a4054e2675f94a,[400525],Freeway,5
536cd9e6dc251a13372c7a7774abe26e,[404280],Freeway,3
5378674e6323205dad56195b9c34325f,"[404400, 404897, 404889, 404891, 404892, 404896, 404898, 404899, 404908, 404912, 404914, 404885, 404894, 404906, 404921]",Freeway,5
538cf04bc3a2133bf8216667aa59f330,[401610],Freeway,4
539b98da6bb988f32f32be6c59afce5d,"[401223, 405356, 405357]",Freeway,2
539f015384d35d68c34680602b2d0fdc,[402049],Freeway,2
53c367dfc97ef85c61d6e605bff683f3,"[400853, 402983, 402984]",Freeway,4
53d493060d1838defbed6aaa084a726b,[409892],Freeway,3
53e76bb76775f7c77e891924b20e3db0,[402568],Freeway,4
542d17fc1bf95bc2077b69718c8ef1ce,"[400083, 400224]",Freeway,4
5453715fe8419dda33359cfd9943d122,[404679],Freeway,4
545bc83b73ed0efe5a2d64282bd1140d,[404608],Freeway,4
5471f14ba73e1ba5ed31071b433972f6,"[403946, 404402, 404403]",Freeway,4
54804412c2f2ad9c728b7c503aeea61f,[404512],Freeway,4
54a219dc706cbad1f43ac346a25d732f,"[400497, 405529, 405841, 405864]",Freeway,4
54b8648981c429a30158e170c0a0f4ac,[412037],Freeway,0
54c9d1b3f1ca4fbfe1e7708ca562736a,"[403390, 403391, 403394, 403392, 403393]",Freeway,4
55149f0ca8dca8e49bd52fda0470e5c5,[404618],Freeway,4
55453628dbc061688ade44d3d0d7bd81,"[404678, 407180]",Freeway,4
554fe72f0f6433417a0c6f156d72b7f8,"[401441, 401468, 403070]",Freeway,4
555596b2888a4bbfd0775882519992d0,"[400733, 404559]",Freeway,4
55bdfbf9ca7368dcd2ab54037cfe825a,"[402449, 404293, 404296, 404297]",Freeway,4
55f79771137d1aa6cdd9e532c681eda9,"[409674, 409675]",Freeway,3
5640508626f5d04239def9d8f775c9c6,"[402392, 408098, 408099]",Freeway,4
56878d6d43f2b34f1777e062eba2d59b,[409663],Freeway,3
568799264c2c5e02b95de5b95deb98ea,[400128],Freeway,3
569cb61e157981b703b1473455911a87,[401151],Freeway,4
56c640aad8e2273e6b501839f8f66a43,[401304],Freeway,3
56d792165f159fce7503138808ebb569,"[402072, 403100]",Freeway,6
56ddac8781eaf6765aadc517010350af,"[400794, 402902, 404543]",Freeway,5
56de56c559a2fc0f223896a8e3ad4d8d,[400963],Freeway,3
56f6a35aa650d86ab639b714449bd690,[404596],Freeway,4
571df19162cce45b639bc19a1d8b9539,"[401411, 405863]",Freeway,4
57474a83dad6d0e6273bede797a1d19b,[404711],Freeway,4
5753305051b069ef255babea5393f89f,"[400457, 404462, 409137]",Freeway,2
579dea6f8d80d55188d59de9efd60fb6,"[401846, 406772]",Freeway,4
57baa2ee8a70e757b59e9f8819641042,[402901],Freeway,0
57c712037987d650c65d09662e8ba6ad,[404595],Freeway,4
5800912607566e9a68c3dacd84605077,[402255],Freeway,3
5818854133cfdff4c2cce1ea91dc10d2,"[409730, 409731]",Freeway,3
582e7f31ca19ec225a5b9fb59187513b,[402256],Freeway,3
58c1afe6ee14a20923b0607092d51352,[401318],Freeway,4
58dc027965de4799d89398602aa9d009,"[405399, 405404]",Freeway,3
58fd6e7db30cc4e0f7b6f7c9cfdc3222,[404513],Freeway,0
593a7f27e3277e6c96f9b6df729b340d,[405367],Freeway,4
5940632e043e7f2ebf11425883d973d9,"[401624, 402585]",Freeway,4
59a1a23de835df09e3b2d81be546329d,"[402398, 408264, 408265]",Freeway,4
59bf294bbf41b6cdf1e2d8c100b229c3,[402736],Freeway,2
5a250b86da239ebc52d683861d4f18b6,[412930],Freeway,7
5a28db82147913a1a4105e0355691277,"[407153, 407154, 407174, 409062]",Freeway,4
5a3e53be7a9eda8c763274907f0dbbe8,"[400115, 400297, 402533]",Freeway,3
5a4067ba490bd6798d54880aa5c95f72,[404699],Freeway,3
5a7b44fdf266b01e92b4a4b65e876261,[408100],Freeway,0
5b1dd8ff8c925c6ff71752b273a2e812,[402742],Freeway,2
5b473fd8d913efb3d99fae38398f892d,"[400545, 402913, 402914]",Freeway,4
5bcbb4a6b2d8ddf5801c4ed88e077613,"[400470, 400755, 401229, 407282, 407283]",Freeway,4
5be56570a0b91133eefba873686169ce,"[414253, 414254]",Freeway,3
5c14153a56ff50a26f481135b20a850e,[404324],Freeway,3
5c27c4127ed94b11abb0b0b62d94be79,"[400961, 403067, 403068]",Freeway,2
5c31a0c1729cd20dca4358440559f6b5,[400079],Freeway,4
5c616d3dc2cb03621c0c675b2cf1ddfd,"[401853, 404291, 406614]",Freeway,4
5c8d06f7da2f8c02ed1c37eafe7089b0,[404447],Freeway,3
5c99790ca70796529195d709be178291,[402712],Freeway,2
5cd74c20d60472d98f878634b1a05cf9,"[402666, 409715, 409716, 409717, 409718]",Freeway,3
5d86d06d9d2f3354473d2ccb2d43914f,"[400289, 400878]",Freeway,5
5da087a8220b394a08c15a51390fb22d,"[401639, 402943]",Freeway,4
5dbf1c1e97f285fcb2185f8d45224b13,[402030],Freeway,5
5dd2aed813158c62392be446bad86482,"[403254, 404710, 403710]",Freeway,5
5de18532cc0dc26ae4891f3a67e1f029,"[400308, 401017, 403129, 403122]",Freeway,4
5e4bad774615b7358423632fd25df8b0,"[403260, 403261, 405847, 405848, 405845, 405849]",Freeway,4
5e92201f1922b73df19fe625afc3b5ef,"[400428, 400630]",Freeway,5
5eaf1b5f2af318dba22becbafdb987c6,"[400716, 402964]",Freeway,4
5eed1ea8aa75181cd5900fefb1999eb6,[409948],Freeway,3
5ef2213b11c51213a274c7e63117a835,[402088],Freeway,3
5f1fc75b1b97af03030c1bc6209cf515,"[400158, 401014]",Freeway,3
5f5de0dbe84498471fe2a26c7bfdf145,[402576],Freeway,5
5f877ae593ea37389449dd71362fb078,"[400479, 408441]",Freeway,4
5f94699e69958e034bc9ecf683673ed0,[400598],Freeway,4
5fdbbed5a3290311bf59431e65b8e238,[402046],Freeway,2
603638b5db1387c8155a0faf2a89636f,[402844],Freeway,0
60397ca3c6f288b5f63d123652955add,"[401002, 401684, 403984, 403985]",Freeway,4
60440119af303df2e73d8c66946c555f,"[402093, 402095, 408172]",Freeway,2
606dc8f0db5db782bc61a70ca016472e,[400805],Freeway,2
60a134c6b2745cf7b55c9f4d64b4a51a,"[400468, 402955]",Freeway,4
60aa6788a6e195f5ee1d7df6ef23a404,"[401485, 404350]",Freeway,3
60aeb0ee12bbb0dcf5099af4a5bddfb3,[401998],Freeway,4
60fa59fc43dd0929626944e13d600b35,"[402409, 402419]",Freeway,4
613afe87ee6b14b7235fcecbd1c4ae2a,"[400361, 407284, 407306]",Freeway,4
6170d300822e8b6491aa349c0616080d,[400304],Freeway,4
61916457ff91401dd3a2b6e2405abdc4,[404717],Freeway,4
61c7d24a236574a8c7f1950a64bb1c1c,"[402007, 410688]",Freeway,6
61df28f624a19a98e7fe0cd00c9613b8,"[408101, 408102]",Freeway,4
6211f601c5ebe230b8f30024cc9cf32d,"[401677, 401678]",Freeway,1
62306d1576c45f72f36645973f1c69c9,"[401832, 401869, 412215, 412216, 412787, 412788]",Freeway,4
6275189430e057eafad9a3283a66cb16,[401957],Freeway,3
62deaaf8ad76febffe344bd685f9b18f,"[400353, 402897, 402898, 404517, 404521, 404536]",Freeway,4
62e4b20038793a4795f69af5547552e0,[410153],Freeway,3
634d62b619b639d7eb04375bf1bb2ce0,"[400712, 401104, 401112, 403108, 403157]",Freeway,4
6354c728722ad860f80180cbf6b365c3,"[401590, 401722, 401705]",Freeway,6
636874cec92deb99f92128010c387a59,[402443],Freeway,6
6375edeb56f621007519062cbdf3999f,[401816],Freeway,2
63c4de0dd1e481d7af209cccdd65d0b6,"[400406, 401390]",Freeway,3
63d36834b7e7cbb995877a32d6652218,[402587],Freeway,4
63daa1973bdf983c41580336eb9a8c87,[404639],Freeway,4
63dd75bf2e7f4df023878d128fc018f3,"[406788, 406789, 406793, 406794]",Freeway,2
63e755039c8e426e9fc5eafd16952913,"[400884, 402386, 405886, 405890, 400531, 407007, 407008]",Freeway,5
63fa3516a80ba069e5a789dadfa63946,[404437],Freeway,3
6402adbd43f72747f876875dd1201d70,[404542],Freeway,4
6415ced23506c26160e639e95e882b21,[413375],Freeway,4
64374071272d3bcd2e9bb9825ac1645f,"[400125, 400975, 413195, 413207, 413208, 413209, 413210, 413211, 413212]",Freeway,5
643ae3136f6a549d48078393b53280b1,[404614],Freeway,4
6452211d1cad7770c0b04b541c5cbff3,[400801],Freeway,4
645df28bdc6e1f4429378c86089365de,"[401693, 401700]",Freeway,2
6489493cdcf40270caf17ae495891545,[405030],Freeway,3
64edea989e4dd2128c2a319006dffa6b,[409893],Freeway,2
653d9eb97fe4fec97526627d5065ad84,"[401793, 403305, 403278, 408634]",Freeway,4
6576c76c3022e2213ed1d40d94fa55c0,[404662],Freeway,4
65845a251c58cf9afeed00bf398b590f,[404285],Freeway,4
658ab3d88893f65de4a51c03f62f9d6b,"[401219, 413692, 413693]",Freeway,4
658d901e3ce47417fd71383a43d3fe87,[405590],Freeway,0
65af4d7f984466b88ecdf15f08301963,"[402016, 410680, 410681, 411063]",Freeway,5
65b70510a428279412452a5e0d054f4f,[413373],Freeway,4
65b80cd40696351d7f94dc8d79e50905,[402104],Freeway,4
66739f2efb440c511b02151c164934e0,"[401538, 403187]",Freeway,5
667ab516457ca0f59809e6ba8c230a5c,"[401611, 408914, 408915, 408916, 408917]",Freeway,3
66bf7ce412cfe35b27eeab402b2bd322,"[403902, 403903]",Freeway,3
66cea3da3ddde5a0964bfd3fbc3d3d99,"[409878, 409879, 410112]",Freeway,3
673e3baf7d2c5d7fbc1f2d34edcae396,[401702],Freeway,2
6752707ac6552b4f1b78ce07fb147ddd,"[408781, 408782, 410750, 410751]",Freeway,4
6783f204dbf37aa29b6ab3a733d5a2ae,[401068],Freeway,5
678cc4467ce8fa6e1bbdd69feb1c6356,[401072],Freeway,4
689e3d6c829aa4a22155a0a9e7c68842,[401440],Freeway,3
690cae2522a32faacecae7ff536c1761,"[404369, 404377]",Freeway,2
6935b2eff26af1723066720b8d4800a3,[400337],Freeway,3
6946f3f8cf3251e5bac98df4d724b0fe,[402032],Freeway,5
696080d5872b78122c67ea05cc3b2449,"[401923, 413684, 413685, 413686]",Freeway,4
69bfde08799c53345579e98cbd5a4c40,[402366],Freeway,4
6a22ba892a1497371ec4495c0dfb2f1b,[404610],Freeway,4
6aa5fdae9e09f5f341a26f7ca77285aa,"[403358, 403359, 403360]",Freeway,3
6ab49bec6b2030ff0018cc935612a9a8,[401216],Freeway,4
6b1d2bb4da7426071aba44bdb3bc7d1d,[410755],Freeway,4
6b1d30c2be9f96814a9e7d2685972f68,"[400340, 405887, 405893, 405894]",Freeway,4
6b86fbf3ef71d49156fdade92506c23f,[401891],Freeway,5
6bf7d03afceb37ba01b7f859ff938ab4,[401531],Freeway,6
6c1d84d6396e54b6dee69dc657283878,[400659],Freeway,2
6c8468b33ee28c64b012d4d1099410e7,"[400401, 401124]",Freeway,4
6c9afb2ca10aeb4430b0f669634c9795,"[407342, 407343]",Freeway,3
6d7e0788ca4e4dca71fb7cd6ec546380,[402015],Freeway,4
6d8b2509ddc5a1a71b55ff5b569e136a,"[400043, 403131, 407436]",Freeway,4
6d95698079f468036242a9ae2f3f6296,"[401643, 403198, 403199, 403200]",Freeway,3
6da3710a5ac4b30b1b66a3c6363cfa12,"[400295, 403073, 405714, 407460, 408289]",Freeway,2
6dbb20dfdda7761f0d0bfe833a5686a9,[401111],Freeway,4
6dc8ba849db0978a4af1a7f1b87741a0,[404623],Freeway,4
6df8f225bb3727c917b3a0d905ffe4d2,"[405425, 413876, 413877]",Freeway,5
6e6ffb07cce3ceb9e67079ba89dcfc7f,"[400770, 401895, 406652, 407249, 407251]",Freeway,4
6efbc4296c278e94b543481fbbf1ac3f,[406712],Freeway,0
6f0d8681c92735ccedd534f25828b5c5,[404709],Freeway,2
6f267efdb97ea9e511652e2ffeb81eeb,"[400222, 400952]",Freeway,3
6f288ba5b92a4658f67f4a2e1bbe32a8,"[402086, 405742, 405743]",Freeway,3
6f385aad48606ab52e0842164b1e88ff,"[402801, 404758, 402829]",Freeway,5
6f64b7860f500dd7254e353235b4e8e4,[404654],Freeway,4
6f7c98ff3e7a1219234fa5d3d352799d,[402040],Freeway,2
6faa1dc6e477badde317095fbb343708,"[402060, 404429]",Freeway,3
6fcf199fa807989167f3910cfe0b2d6d,"[400287, 403078, 403080]",Freeway,2
700ef560513e3d4ffa2c3e337db74af6,"[403082, 403085]",Freeway,0
707f3d387348819cbeeba99373594555,"[401782, 405954]",Freeway,4
70a1c1f9bbdc1a6f3ce844134aba4087,"[400839, 402978, 402979]",Freeway,4
70a7be8ad9aff976ad23443085e6b9be,[400430],Freeway,5
70e0a84991167137d5c887ac6b5ae62c,"[400870, 404681]",Freeway,3
71172d0da84863bccebacc60fe9f98ed,[404680],Freeway,4
712f0b89c52f1e7f48ec48c7a6fe4c40,"[409877, 409880]",Freeway,3
7182be83f5dbc433a1dd9c84d5f24b61,[401906],Freeway,4
720df988997ba47ef80f1cb8a15d926e,[401487],Freeway,4
721baec4d6ff1de5f9f3ad56ead029d0,"[402029, 402218]",Freeway,4
721ea29a003812efa341a53be76f5374,"[403328, 406173]",Freeway,4
7244f5d1aa54d05ed2cd8876a58529ec,[401065],Freeway,5
726fda1b3c8af5aa1b74c11f3f2ef499,[402027],Freeway,4
7271b1e46724b7dfca3202a1d05ecdc2,[402553],Freeway,5
729cf6dceeef499dbc645530ed645ac6,[403006],Freeway,0
72b08fd9ee3aebf4f0220e326740a6c4,"[402338, 410150]",Freeway,4
72e7ce5f4c735a0f8b9032112831dc73,[402288],Freeway,4
735001a98e7eccb969f2999db3148408,[404533],Freeway,4
73908b703b05255dd9fe00a20914205f,"[404548, 401881, 404545, 404546]",Freeway,4
739e1a045cc57ab08e04b8c8b65f85d2,"[402385, 405852]",Freeway,6
73a52ffdee1fc50afddf48421051f33b,[407243],Freeway,0
73b97f84eb9b65c1f65c4980e15b9fff,[402675],Freeway,3
73ca84c888569f5cfd17d6dd00eb3ae6,"[405900, 400781]",Freeway,4
740e9c13f1b0614ac590f12df8a18fd4,"[401663, 410085]",Freeway,4
742ea5432c914dc3d58e16bdabd10f8a,[402562],Freeway,4
7434fa866410288a6f19c5e533fce2a2,[406623],Freeway,2
7452bfeb33badc685ef9cdb09fcea3df,"[400141, 402960]",Freeway,4
749648614284a218eda4ebc4d8b1cb6c,[401934],Freeway,3
74b711cb2317adf0b291a8b0d34add43,"[403083, 403084]",Freeway,0
75233f325e56205a8a0e0519da07685f,"[401666, 401679]",Freeway,1
75a6924bcb285b209ecb0b708fdcdf5e,"[412039, 412041]",Freeway,0
75bf6675cf1d380b84637a0dde4998db,[402853],Freeway,0
75c1c3517440fc6d58eb8e76bc4077eb,"[408166, 408168, 402098, 408167]",Freeway,2
75e6c8475f2c5cdb4b5a00a50ab67be0,"[402118, 404017, 409524]",Freeway,3
75fb79e864aae98fd09b8b82de4051c4,[414060],Freeway,2
76841771fdeb217528b6ff455fef1e29,"[407995, 407996]",Freeway,4
76a0ac34f1bccf87e0d4957657c482fe,[401599],Freeway,3
76b93130f88558fb5d5316e34c3a74d4,[400675],Freeway,3
76d1dafbfda8f0e000f8c90780ca152c,[402031],Freeway,5
7754af11033fa03a6e23fde3e1c344db,"[402930, 402931]",Freeway,0
7760605169f8f357662289487925e29d,"[400258, 404453]",Freeway,3
777158d4923ed58b94dc9af758433153,"[400609, 403046]",Freeway,5
777419d119eaacc1ff1bb11784db75f1,[402243],Freeway,3
77ac06b6fb4a15cebea944a8a82d9184,"[408911, 408912, 408913]",Freeway,4
77b54130b5fec7d909d05ad1eee59d7f,"[404325, 404698]",Freeway,3
77fd17b370a22347be9f3f8b0ac87190,[400162],Freeway,2
782859c634451130762469a64f7a6a54,[400946],Freeway,5
7840f8e1e2960568d23f2d06c3bac544,"[402077, 413106]",Freeway,4
78430402f0e1d13185c6afffd6adae54,[403292],Freeway,0
786c2cd5feb731c625f5f75de1c6f5da,"[405931, 401496]",Freeway,5
788143dd78c575dd32d14dcbe6be9e34,[401748],Freeway,4
788bfa71bbfdd664cb1f3bfa3e38780d,"[400799, 403402]",Freeway,5
78906625752a655c7c8b7b203071fe55,[401224],Freeway,3
79281980a509d29eab53e36d316c43fa,[401830],Freeway,4
793869ab75956072928ec1d4caf1fb9d,"[400904, 402909, 402908]",Freeway,4
794e5cbc338b470e4a0142d5e9ba4e97,"[400720, 400753, 403130]",Freeway,5
7963479c8aa76973a00b3acae242cf3c,"[402025, 402401, 402403]",Freeway,6
79782d28df96643d72db9d424739a5bc,[400971],Freeway,4
7a2990922290be0f0a8449dc967129c0,[404677],Freeway,4
7a6828e457aeb75604b97159b9868dad,[404409],Freeway,3
7a975739f1d1956a7c4302576125c1b3,"[410742, 410743, 410744]",Freeway,5
7adfe8d9fe5414dde97430222bf54628,"[400858, 402867, 402868]",Freeway,4
7b80b9e43d552ba8283aaa0141b990df,"[400235, 400501, 403459, 403461]",Freeway,4
7bc8e922196c4c4087815ae598bf259a,[402050],Freeway,3
7c123c09a75ce28e0614a2c0984a2ced,"[400863, 402882, 402883]",Freeway,4
7c6654c36a4939dce965eef85711586a,"[400976, 407252, 407254]",Freeway,4
7c9b616f34bb6c8961d3ad3c092e91a5,"[404415, 404416, 404905, 404915, 404883, 404890, 404893, 404895, 404907, 404909, 404911, 404913, 404916, 404917, 404922]",Freeway,5
7cd50cfedefde282a82055b63904c7b4,[400574],Freeway,4
7ce68514f0d8409790489b873323d074,[400397],Freeway,5
7cfe58a5722c54124c6c295dd8ebb967,[401279],Freeway,5
7d0023cd6f2e6ba2336b9fd1bdbad029,[402671],Freeway,3
7d3b2bca5506a3f173652359594a09b3,[400323],Freeway,4
7da517265ed2af0ab383fac66493e5c2,[400489],Freeway,2
7db7950d8626535d9f219cde2ee8ce34,"[400949, 403028, 403029]",Freeway,4
7dc48aa303c48fb6eea805245d5af370,"[400069, 402899, 402900]",Freeway,4
7de3351c6597a1b3cced0171380f9ff9,[407324],Freeway,0
7e1809b73138db7811113ab8f39bbbb0,"[403347, 403348, 403349, 404733, 404734]",Freeway,3
7e580484f39fc4ebc4aeab0cb2d87336,[405281],Freeway,2
7e580712bb9e6b098c8acc02470f06b6,"[401526, 404358]",Freeway,3
7e61d6ce13dfbde4e3f11c5ed9384459,"[401927, 412783, 412784]",Freeway,4
7e7c2bd15e83faee157c20cd8bb37c84,"[404407, 407280]",Freeway,4
7e91a2b6cf0d8ff5dff59554fd59ca68,"[400977, 400484, 403175]",Freeway,4
7eb181846dc1033d3e8562f8c7f4ee0e,[400905],Freeway,2
7ee9c0864070ffb483320452ff15bec6,"[402844, 402845, 402847, 400416]",Freeway,2
7f0e6409ec251f745f56cb045cedc0a6,"[401652, 401929]",Freeway,4
7f509113f397e13a9b50b816586ca16a,[406201],Freeway,4
7fd7f8e275dbfef0fcebf3a3fb0df2ca,"[401045, 401558, 407248, 407271]",Freeway,4
800e69cfe21e15866102d91b8dcbe6d5,"[401058, 401070]",Freeway,4
8029c77c4fae50445ff3a854a287172b,[401996],Freeway,4
8031c3f28401577839f7baac98227db3,"[401433, 401852]",Freeway,6
804b3126960485317a184ff1d6247e07,[404286],Freeway,4
806202e10122b532d5593c79afb9ab71,[401835],Freeway,4
80637497fe13bf6ecad259dfb0e28576,"[400206, 402893, 402894, 402895, 402896]",Freeway,4
80696f7bd4df958c06c556c1bbdd5b53,"[403150, 403151, 403146]",Freeway,0
80821f0e183521560ce8b780569cbb2d,"[400604, 401692]",Freeway,4
809a9b7b68024b9d9d3eb9aecc91416c,[402659],Freeway,2
80eb3d9059f46d614e0ef409002a58d1,[400905],Freeway,2
80ff5d5846097f05cbbee13af01bd6e1,[409926],Freeway,2
8148a2addb30f2bcc0175e4b43404624,[404249],Freeway,4
818970f66c819e341cbec70f5a0a8030,"[401669, 410142]",Freeway,4
81aa66d260c99c55ce1ddae168b35629,"[402011, 402014, 409884, 409886, 409889, 409890, 409891]",Freeway,3
81acc1ae1073bed8a72aa5d0412dd656,"[403247, 403251]",Freeway,5
81bcce3f2aabb81c00a58ca951b89ea4,[401548],Freeway,4
81e0345bbd6243043ab96e5e38815612,"[408605, 408606, 408607]",Freeway,2
820caf33e463363d2091253c0bce0960,"[401314, 403168]",Freeway,4
823a87e768cdc9ed400c2b8021875cec,"[404381, 404382]",Freeway,4
8276f0e2151cea9337bdf3b09351b1bb,"[401079, 401066, 408466]",Freeway,5
827f3f8c4d8fbb4f62a29d0afd2eca39,"[400227, 402892]",Freeway,5
82a415edf1f137613aa0fab5f683a4a1,"[401453, 412159, 412160]",Freeway,2
82a74827e2fafe3201b4a36ac9aef31b,"[400547, 402586]",Freeway,4
834275cef26f2df7e007027f9b12ebf4,[404715],Freeway,4
8365554811b5035174422c151925a22b,[403313],Freeway,6
836745b782a394a5ff02059dddb8b2e0,[401240],Freeway,4
83c3ebbeda4ea8d30fdc2d045f81e018,"[400149, 402920]",Freeway,3
83c6003f8234cc5a9a01f1ef9b24716d,"[404341, 404342]",Freeway,3
83d38bc991c21d7deb1b3347bf47828e,"[400126, 401242, 407874]",Freeway,5
8413d0a8654c6c3d08fda936fc060967,[402850],Freeway,0
842ef67ad30f027c316a3169dfa4c08c,"[401400, 406894, 400714]",Freeway,6
84408da1622c40020c4a61afcf6d38c3,"[401424, 403159, 403160]",Freeway,2
84781eb4154537a0e2cfd627a7ea3fd0,[404622],Freeway,4
848c54ee91ff627279cdb4e20951392e,[402039],Freeway,2
84c871baa5b8cfb4064956d5fee63c69,"[408618, 408619]",Freeway,2
85189aea7396b75e4b9a1dcda52e1336,[401163],Freeway,5
85417dc4c54ee55256ecf4b16db60bf2,"[400765, 400983]",Freeway,3
8586c0f7aafaa58d1c5afcd9c9da6b0d,"[400118, 403091]",Freeway,4
85ebfd3f1a8f93557dc78c9d9aa97c3e,[401402],Freeway,4
863ccab853b0d56fffe02fe173dbbfe9,"[400168, 402905, 402906, 404511]",Freeway,4
86a74312c110632a28dbd73e255fd215,"[402607, 405374, 405375]",Freeway,4
86a9ebd98d189afad610581fcd8ef58c,[402136],Freeway,3
86d708bbf984afd635540c15a080b6da,[404373],Freeway,3
86f8a12651b643df0cd298c5f8f039ec,[404673],Freeway,3
87199e13f85987a08807bf6c2d2baaa0,[400928],Freeway,5
871c36daf3aa15d3706d9196641eda99,"[400761, 402962, 402963]",Freeway,4
87424d75a0b7f1c6df9a54d0164c12d9,"[400246, 414194]",Freeway,4
87440f81662f34fa717ec84ae7a6608c,"[400829, 407864, 407865]",Freeway,3
8764d933f7fcb4a84d1222ae3678ea9f,"[400844, 403104]",Freeway,2
878824107e383733904799cede647ddd,"[400223, 410169]",Freeway,4
87b35ae5c8db5ba82ae233d566251984,[400148],Freeway,3
87cfecf6f52857fe91b872494869d67c,[404386],Freeway,4
87d1ba19cfa9b977d1b435d30fc24d4f,[400573],Freeway,3
882f772b8b1862ed9610dccf11e4c24e,"[401858, 404653]",Freeway,4
88485fe5d94602bb652d1f028e54677a,"[409942, 409944, 409946, 409947]",Freeway,3
8856f30c0d98a7118449937e88ee51bd,"[411716, 411717, 411718]",Freeway,3
8871dac538f768ed5c76f7f7995842d1,"[400183, 401469, 404520]",Freeway,4
8878b2d5871a2c43f791a656375452fe,[404704],Freeway,0
8878d1d7880145bc80e74f23f563b34a,"[403037, 403038]",Freeway,0
89484a50bb9bb4ae7a6f4143b6178fdd,"[403998, 405589, 407857, 408783]",Freeway,5
8958fec963e8c95f6861a66dd63b68c1,[400242],Freeway,4
895fecefb50b5f0fb39c78c1ca078d1e,"[410779, 410780]",Freeway,5
89856fbe58adbcf12c661f2e33fdbd3c,[400336],Freeway,4
89a20fb9a12370198a9f00f8c5f99024,[401615],Freeway,3
89bd9908c26f1312b09a99751a43c6e5,"[402602, 402746]",Freeway,2
8a9c2dfb80780b51478af5d840aabef9,[404650],Freeway,4
8aa3a1d82cd8e2fc781c5e8eee7fc5a6,"[401197, 404414, 407308, 409785, 409786]",Freeway,4
8b0e29ee9f0271d6a4c3fcd96eab1592,"[403319, 404628]",Freeway,4
8b2089c944ff420a81830d9444a15091,"[400486, 403007]",Freeway,6
8b544ae86a0764ae6c9d6aae186dc775,"[410802, 410803, 410804]",Freeway,4
8b8bc1cd59d96246a5be52d450cb2cb5,[401714],Freeway,4
8b9b7126e275016f21c418685c3dba2c,"[402012, 411390, 411391]",Freeway,4
8bb93526f63893891f62662b3e2841c7,[404384],Freeway,4
8bcdc52bfb2ebf927544b50d496159fa,"[401357, 404541]",Freeway,5
8bed9b5fce914e0324ab29ea29d25ae7,[400625],Freeway,5
8bfb3ec6152f866c6a744f7d52644dce,[402574],Freeway,4
8c746553fe117d506ec8a1fa99af2ab0,"[400818, 402103, 403180]",Freeway,5
8cb82c65915dfcaa72fe52cba554e0af,[402795],Freeway,5
8cdb10f13bcf221a916d28fe1d565bc3,"[402457, 403223]",Freeway,5
8d16ee175300e55dd81caab8dbc82513,[402743],Freeway,2
8d2a58b477add8ba4fcaeb3ca8debb92,"[409711, 409719, 409724]",Freeway,3
8d756cd5642800b8d4741ce7903862e4,[400950],Freeway,4
8e0bdeab101df8ca87c4c514c38505c0,[402358],Freeway,4
8e6e383d06999b4ed63fd9ebf4e6e345,"[401475, 402999, 403000, 400321, 408141]",Freeway,5
8e8d1e5546d365ebfa4862df6114c191,"[401655, 405426, 405428]",Freeway,5
8e9eae8c44a534cc0c55d72602f06a58,"[404675, 407148, 407149, 407163, 409064]",Freeway,3
8ee7f85c72451c30fd2095647cd716fd,"[400981, 408267]",Freeway,4
8f0cd2b6c0736f4989ddddaff9d6dd3e,"[407992, 407993, 407994]",Freeway,4
8f273187db7f659f00d83472d5bf289f,[404612],Freeway,4
8f319dbb65225f611de6de57e1e96ade,"[400643, 402903, 402904]",Freeway,4
8f50833cc8d5ca21a3fd967f1a645140,[404728],Freeway,4
8f909ddaae29e015cf784f73f7020e65,"[408177, 408190]",Freeway,0
8fe0741e023abb5a8f527e42b124e51e,"[401653, 401872, 412789]",Freeway,5
8fe1f924dfdb02123fedc98e18bae1bd,"[400100, 402855]",Freeway,3
901498e08ef911340361bc20dabbae61,"[402649, 406553]",Freeway,2
9086c119f22283579ba4d24afe0c5a3b,[400411],Freeway,4
9087de2556e8767be7650093dfff410d,"[400911, 402884]",Freeway,4
908a2021f2c9a9698b71e94b027671af,[401208],Freeway,2
90c443c959466537d061329dcdc55da4,[404664],Freeway,4
90dbf61df922aef83b29ad83bf11a82f,"[400748, 401121]",Freeway,6
9122ea88b3ec72593c1da39a57da24dc,[401820],Freeway,2
914993e3d7c0b5d15cf799f973a989fa,"[407429, 401662, 410086, 410087]",Freeway,4
91572cd2a28779c17e64190b8496c477,"[403300, 403350, 403352, 401596]",Freeway,3
9173759066d7e17b2cd8af2794a11b5e,[404253],Freeway,4
92000c9c590dd5f1efcd3d775660f516,"[405846, 406297]",Freeway,0
920a9f7edf1b7a04c48d40fafb1a3ce8,[402364],Freeway,4
9228c72ab8eaf319fcb79c525aebe2ca,"[401892, 401893]",Freeway,6
924767c22b9bc79076c8cf5930f731a8,[401810],Freeway,5
924f4ed02ba8e19fbdd03ed837173865,"[409479, 409483]",Freeway,2
92506facf2da48147c8df33a6914802f,"[403088, 405924]",Freeway,4
92ad03d1593d34271e3e5811acb9929a,[402567],Freeway,4
92bdc19b2f34702991e86f0a1d4772a7,[410505],Freeway,3
93452529976f208c5a28a3e56bb53a2a,[401851],Freeway,6
935a520205deb020919d2739907edac6,[404562],Freeway,4
935aedd4c5de8c1d2dbdad6288b7b9bb,"[400137, 402967, 402968]",Freeway,4
938c68a310a82732237c1a7bb9940812,"[401854, 404276, 404277, 406604]",Freeway,4
93a3f44173959f51c9a5c5f7b3f4db5a,[400218],Freeway,4
93fec1ad87da4a6194773aede1a25f7a,"[404561, 404563, 404566]",Freeway,4
9406365eaa4245a930fc964db6b4a271,"[400413, 400617]",Freeway,4
94235d1e10256f0778c9bd87714c1067,[401786],Freeway,5
9471db396c9a893a6577bf37dded3c0d,"[406888, 406890]",Freeway,1
9481f79e269720b0db0b493966faeb4f,"[400164, 400204, 400769, 400841]",Freeway,3
94da4feee32d592c7d96158c720a4afc,[401388],Freeway,4
94e52a6b3a080a7a8e0c0ddea41417a8,"[400528, 407347, 407374]",Freeway,3
94e6bd6543c13b22bb4c800af97b31c9,"[401144, 408589, 408590]",Freeway,3
95259faa891c908744288e432e62f67f,"[404383, 407990, 407991]",Freeway,4
952f7681632ad7488dd059484601ba29,"[400709, 413045]",Freeway,3
954b252f9806229bea85cf67355e5b28,[401724],Freeway,4
95613e1df4498a10ce064b979153a7e2,"[400662, 402956, 402957]",Freeway,4
957596343d498d1f28856fde7940df67,[410679],Freeway,0
959d67f15ff9257737554d5fdf846f1f,[400145],Freeway,3
959e8be4941f0ad5be9a31a9eb4d4c07,[403454],Freeway,0
95da7a06617d2ae302a5adb4d7113ce7,[401642],Freeway,4
96290e0433c72e15546102b3804793f3,"[400044, 403079, 403077]",Freeway,2
966d28a5b83aa4f098542c36ff2d8fa3,"[402122, 408272, 408273]",Freeway,4
966fa16fd6470e50ee003add456a13ca,"[402412, 402413, 402545, 403214]",Freeway,4
96ed2038c10bf4c8fe54c67c8da3101f,"[400657, 403174]",Freeway,6
96f237808f63a496546f24317aa74a92,"[400730, 400263]",Freeway,5
971ca20c3cc31483966b1fc4434a7ce1,"[403318, 404602]",Freeway,4
972a90b16856add368756c45e95529f6,[407862],Freeway,0
972d037c8b69384f8853f1d44fe5a0d1,[401018],Freeway,4
97310d5cf93812ad10436f73ba94dda0,[400494],Freeway,5
974bc331bc90d0c816cb5962f9cae718,"[400421, 400439, 403259]",Freeway,5
9789f91da32bfd56df7493c95d68859f,[404646],Freeway,4
97aa1166cc88781b266a927ed42316b4,"[400325, 400591, 413785]",Freeway,4
97c4bee7f937337363442dc13d5b689d,[401890],Freeway,5
98355a89bb6ce3dd2d15833f0c68e595,"[402249, 402247]",Freeway,3
983a9a58527835db763c3c9d2ce025e0,"[400214, 405141]",Freeway,4
98cd3e70b79f17ba0cec5feef1bcb1b9,"[401274, 407293]",Freeway,4
98ce27d88a814857efa19424f167c374,"[400382, 402600]",Freeway,4
98f44650ef75963701b84e4e09b1a94a,[404613],Freeway,4
98f4aa1b227ab7f4b27dfb2be22b9aed,"[401081, 401084]",Freeway,5
992bd6db93e406f66531b96063a89987,"[400078, 401542]",Freeway,6
99562493587e28e7b04ec8264f00f665,"[400612, 407863]",Freeway,5
996e8ebca48e2afdd4eb916b3f1506b3,"[407197, 407198, 407202, 407203, 409073]",Freeway,4
99888aa265ca1bac0839eacd4d400553,"[402106, 401691, 409204, 409203]",Freeway,3
99bbe1649d5d3981c687181182aede23,[402737],Freeway,2
9a035e0ca2b93de40510f53e0eccf2a4,"[400060, 407882]",Freeway,5
9a03c4f12bb1e4d962c6e9a10f39e5de,"[413043, 413044]",Freeway,0
9a16d66508663784e371de821916390e,"[410772, 410773]",Freeway,5
9a1823c86f8cf502742c8f79396d21e4,"[401523, 406032, 400766, 406033, 406311]",Freeway,4
9a83dfe7fbaf4a38ad479970620c9020,"[400180, 400529, 400990]",Freeway,5
9a92fcd5ad76f0fd3e20e8a638d9b49e,[400869],Freeway,3
9ad160806dda668ce34382621b4c1215,"[410774, 413094]",Freeway,4
9af39c21b96f538c4fd25464a5b73f68,"[405696, 405698]",Freeway,3
9b07cce76f57f628acc0451fe12ad27f,[402595],Freeway,4
9b1b365ed7085e303b9078134b37f8e0,"[405274, 406642]",Freeway,4
9b89a5f78a4058d7c24bc96a351c5e60,"[401503, 407745, 407746, 407750]",Freeway,7
9bea6abfd22614c590521ea1c6e7b17d,[402367],Freeway,4
9bf597d445e0905067aba86f6314d837,"[400668, 402933, 402934]",Freeway,4
9bfaa3fd0dd6ee8d481e4a9cb1008def,"[402774, 402780]",Freeway,2
9c05c021529ccb5c7d93f187b08c9a23,"[401911, 401912]",Freeway,3
9cd5a42d8730dcfb9c686894d8517c69,[402270],Freeway,4
9ce6e9926b1f0ad0bcbd4d2bcfbfe538,"[404442, 404449, 404448]",Freeway,1
9d42092009bb69cb754043a9b2bfb6ff,[402240],Freeway,3
9d6d010119016398183de27d424a6437,[404461],Freeway,2
9d708f8b7f65a28d266a81413488bdb2,"[410752, 410753, 410767]",Freeway,4
9df016b1895c68aab9e27fea53e8d665,"[400296, 400873]",Freeway,3
9e4f1b5af1301ec7609b68e14284110d,"[401913, 411577]",Freeway,4
9e76807ca0d3e911bef792d151a47c0b,[409614],Freeway,3
9ee8bdf8bfa4477f03731c433a709d3f,"[401994, 401995, 400246]",Freeway,4
9efa7a3e1a3b3cd3309d5b55718a7963,"[402095, 408172]",Freeway,2
9f2aa115f5eb181f4162e713089d2891,"[402069, 408154]",Freeway,5
9f3ae340c8bb39dbdcc8f249d43bb01f,"[400492, 403094, 403095, 403096]",Freeway,4
9f3d2933a5498119e79035a2045c29cf,"[408193, 408194]",Freeway,0
9ff710a747582f771cefca96a09745fd,"[406334, 401608]",Freeway,3
a00d5a3c6be6c9670b1d7159ffc899e8,"[400691, 405602]",Freeway,5
a06470d37b6cc8fb0920f43847d7ee24,[400832],Freeway,3
a0b3569c8106cd53d755f37ea59fc350,[400756],Freeway,3
a0ec1e78aa9fb9d98fef8c0aea1c2426,"[410371, 410372, 410373]",Freeway,0
a14a03f284dd7761e4c446461434e368,[404701],Freeway,3
a14cf968a1118c247ab4df10532c72cf,"[405450, 405451]",Freeway,3
a15d726752bf3d0103c160984aab706b,[400894],Freeway,3
a174bcc09c501c9990b9217aa2dce4bc,"[400393, 407486]",Freeway,4
a175cd5ce61d46642eaee69171c8b4f4,"[400628, 401052, 407289, 407294, 409582, 409584]",Freeway,4
a19ff44c521c30b7f5c288f7c24756e3,[402846],Freeway,0
a1cac3829d0fd6600c759f6e895c9300,[409931],Freeway,3
a1cc053648a178315ac421bbe1a01cf6,"[401583, 403246, 403250]",Freeway,3
a22a8826c443502968f7db8ad02b6590,[401728],Freeway,2
a22de57f56330cdf97aaad9a36328630,"[401513, 407259]",Freeway,6
a23e3fab641c888e6b97f648e9edd669,"[400334, 410682, 410683]",Freeway,5
a2b8162d278faf5504be0ea4095b40e1,[400698],Freeway,4
a2d8e5022a27f2e02165526b2f0880c4,[401006],Freeway,4
a2dcb0a0b977c1b1f4c8d1e63b5de7c1,"[401152, 401155]",Freeway,4
a2e2eff8b9cc82c060e4cf5b7954433c,"[410782, 410783]",Freeway,5
a3376c6e23cd4dacfeabca3c49ff7ca6,[400454],Freeway,4
a3c0161c9bf01a79d5ae827f2e288ed2,"[400578, 408278, 408279]",Freeway,4
a40b3f7d91bf0d1b4ef6592745f170d6,"[402664, 409712]",Freeway,3
a424b15c38541f28294bda067afdecb3,"[407351, 407352, 407353]",Freeway,3
a45678e591156fffc2ce5a2ec49d9ef5,"[403904, 403905]",Freeway,4
a4d3c3e41fc3a1825e5058f51f54cdf5,"[401658, 410083]",Freeway,4
a4fbd2b7f6ade92cd482ad4b0d9aebfa,[404652],Freeway,4
a501f049ff9b2a64b6c5a5cd27c0ca71,[407997],Freeway,4
a511b5bf2e635fba04c8dd9ca9412e13,"[402001, 410820, 410828]",Freeway,4
a51364d8fd17b89c830badbb332224ef,"[408178, 408179, 408180, 408181, 408182, 408183]",Freeway,3
a5663e9f63236e468413cf5f9d15290e,"[402246, 402250, 402248]",Freeway,3
a58a4553e809acc91bd19248f346a14b,"[400040, 408664]",Freeway,3
a60657ed3f0534930405c1aaa0f7bc21,[404390],Freeway,3
a632381e90b74cb46d7558e965cac35f,[403149],Freeway,0
a67ea0fcd7f9c795fcedccdcefe44484,"[403315, 403317]",Freeway,5
a6a0a7235d0680810f33098cd4a14450,[400442],Freeway,5
a6c0459ea9e299d51d113325bf419eee,"[402344, 410158]",Freeway,4
a72eef4873955fd29784f31763779108,[401790],Freeway,5
a731d41d20a88fe3279d4416d8e6fc44,"[405832, 405833, 405831]",Freeway,0
a73ab2696f284cd921845fe842b222b2,[400059],Freeway,3
a75a389b2735fddd1486c46aab328961,[402797],Freeway,4
a76e5d7afe487513999d25dd5f29c474,"[400006, 401716]",Freeway,4
a7aa1f9c26a38e0797d508e12da7d62d,"[400312, 400666]",Freeway,6
a876c8abae2afd0c2e7f8c22d7079169,"[407325, 407326, 407327]",Freeway,3
a968ab2d8500f6991ec73db79fa5c077,"[400450, 407462]",Freeway,4
a9934caa2c51f211b44c55b5a2ce1ef3,[402594],Freeway,4
a9b3c87f1d2fd574f9abd128969861bd,"[400634, 400681, 402991, 402993, 402994, 402992]",Freeway,4
a9e971dd8f09cf947966d79487ac672e,"[401951, 414053, 414054, 414055]",Freeway,2
aa1dd8480347f3febda6863a80c51a7b,"[401282, 401393, 401401, 414248]",Freeway,3
aad4c2ed80c5ecbbe145bf4070591772,"[406718, 406719, 406720]",Freeway,4
aadc8d27204b84278760b55e967150c7,"[401524, 407291]",Freeway,5
aaf19d3510dd431ff15ef13a5c3aec28,[400842],Freeway,2
aaf3245669eac70029c12c9501b5b2b0,"[404305, 413983]",Freeway,3
aaf42f40fdd693c1f13a4ca76a0e14b6,[401210],Freeway,3
ab00daa54da80045705ade36bd115237,[401830],Freeway,4
ab478371c9bd1c20141f949a121f7c24,"[400249, 402951, 402952]",Freeway,4
ab5b084375d0ab4d529165545937a3d7,"[401841, 403162, 403163]",Freeway,3
abc4d00d20a8eafae03a6f94ac8ab6fc,[402647],Freeway,2
abd1b676ec18a565e13504f7cc15429a,[402268],Freeway,3
ac2f13abe5b3d2ea101ab58459d957aa,"[401874, 405673]",Freeway,5
ac4539c8f1f10597ccff21b921cc11f9,"[401668, 410144, 410155]",Freeway,3
ac7e666abdf59d9ff65d39539e23d6bc,[401750],Freeway,4
acea9873851820bb7545da6516fa1674,"[401879, 408006, 408007, 408008, 408009]",Freeway,5
ad0b1d9c593e6e67b86d6579e5e58515,[402071],Freeway,2
ad9b3fd2e7175b196802c6fd8ed2e0a6,[404413],Freeway,4
ada0a98282c176e91a8885a75072562c,"[403244, 407162, 409065]",Freeway,3
ae5ea28d4d82d26ccb2d5a2bb46ca485,"[400045, 408437]",Freeway,4
af771e96f216b31e69c92d3de7dd38f0,"[401831, 402382, 405888, 405889]",Freeway,4
af91fdf413cb1fcc6aa080e7d8c7eea4,"[401670, 402343]",Freeway,4
afa405d8360cd781226a5414b7e58e24,"[403335, 403336, 403337, 403338]",Freeway,4
afc5e00ace8c4156c2eb7198be2346c7,"[401464, 403185, 403186]",Freeway,4
afc7883b7d3617698cd7e39af1f6d0fc,[400962],Freeway,4
afd6146b0f10a8bc009a935a2a6c293b,[401859],Freeway,5
b015cb3681955bd1a8520139b08ee1ee,"[402834, 414046, 414305]",Freeway,3
b04380468eb7b2f85af27e2d5ca931e0,[404620],Freeway,6
b058d23f4a994aad69b797b200d6fad6,[404552],Freeway,0
b05e2aa5df740ef97ebb26fb26b5d305,[401551],Freeway,5
b07480db7d7fb76d03db82a2d244b4f3,[400942],Freeway,5
b0779b9f104b012a795799322a14826c,"[402937, 403263]",Freeway,0
b0bb12f4a40fe502acd019ed3e761888,"[400237, 410113]",Freeway,4
b11de6291c9abf57ed7c903d4bb00881,"[400507, 400185]",Freeway,3
b124e3c67a04d535d975dff2fb5692f4,"[408142, 408140]",Freeway,5
b1330b0a11378be1d205662a17f19e84,"[401797, 402863, 401798, 402866]",Freeway,2
b14b6e8f67f71c22eb9f2c98dc080fef,"[407337, 407340, 407338]",Freeway,3
b14e022326a513ae2f62915570734dcf,[404599],Freeway,4
b1535f160632461e3236f2e1c8465c67,[400986],Freeway,5
b1a8b622db1976616f9fe618297aef63,[400560],Freeway,4
b1ca247b60a24e4678b3cb20b9f09825,[405569],Freeway,0
b1ddeb3f75fb161799cd0c413dd0dabc,"[400674, 402976]",Freeway,4
b2085e5ee374fd106e85fc86237e8166,[401795],Freeway,5
b24d07ef4135923fbbb910f2e3895b03,"[405877, 403262, 405876, 405878, 405879]",Freeway,4
b2caee6991b6de6eafeda77d563f2097,[402133],Freeway,3
b2fcff7270de312e336f63ca591e8b73,"[405368, 405369, 405385, 405386]",Freeway,4
b30a3a29571fc14d3d5e0938a664f8e7,"[409998, 409999, 410000, 410002]",Freeway,4
b366bebe886087f17d5e43a5d83edb4d,"[401221, 401228, 405754, 407242]",Freeway,4
b397c1130568a5c9e515c0f37c7feacd,"[400324, 404354, 404355]",Freeway,4
b3e43fc1c38a7995bc0c4fac4c4ae676,"[400488, 402989, 402986]",Freeway,5
b3f0c929007a64a23689020fb619e8b7,"[401457, 401606]",Freeway,2
b3f9d265c8b4912f522a8ef082236ff2,[401840],Freeway,5
b40e1612f27fa007b3741e9f9544c85b,[402455],Freeway,4
b43f15c938a604413989975aedb3dae7,[402566],Freeway,4
b45936cc1a7339732450074ae6096e92,"[400027, 401195, 401575, 407245, 407246]",Freeway,4
b495c54187936a4e19913485af3fa4af,[400970],Freeway,3
b4e09eb18c43aee9f5d9ce4aea9914ea,"[400153, 403229]",Freeway,7
b545f1e02a4fcde05cbd77139b2d23c4,"[402794, 413980, 413981, 413982]",Freeway,4
b5478787efcb588946ca14a6945e0d2f,"[401484, 403120, 403125]",Freeway,4
b56ead840e04df3eb9318f74d882b1b0,"[400993, 401476]",Freeway,3
b577eaa4f27ab8cd32cca7b39470e606,[404436],Freeway,3
b57d32ccd5c7dd6e8587ec9c631a9f19,"[402556, 402558]",Freeway,4
b582581751686d360ee3f0c98aa52a64,"[409866, 409867]",Freeway,0
b5a51e65db317002ccfbadfcbf2cfe4a,"[400951, 408905, 408906]",Freeway,4
b5b5ee1bf4dc5bc880abe46d4f2a2617,"[402089, 402090, 402092]",Freeway,2
b5ba167699770595f62a4ba037fd6718,[407017],Freeway,4
b5c33813f1d98789d9bf88ca7e20326a,"[400838, 407255]",Freeway,5
b5e400fd2aef3304af529fd427e01f84,[401555],Freeway,3
b5f9b226e96aca7e3ef673eb02f76b85,[400193],Freeway,4
b6021092844cb47aa0b67ddc55d26099,"[410805, 410806, 410807]",Freeway,4
b62ebdb6585505e9f704792e36e334da,[401273],Freeway,3
b63483032cbb110496be48018a382e32,"[402788, 402803, 408757]",Freeway,5
b638c32df10b558df568f0ec0b5c5aa9,"[400109, 402878, 402879]",Freeway,4
b642f8a14b8bd8b50ba7ffb71faae8e3,"[401421, 403161]",Freeway,2
b69314366cb477a5f614a2ca9013ad12,[400345],Freeway,5
b6b6ec3500674f8c4e27f3167f59bc4a,"[400359, 412038]",Freeway,3
b6da8579b42929bbd8ba2185b331e40e,"[400743, 402911, 402912]",Freeway,4
b734b5de97854d016e91f5a92b682287,[401837],Freeway,4
b73754470d2a954d334b33e4decfa7fa,[413147],Freeway,0
b7548be440f22bf86030e54bd82584a7,[404702],Freeway,3
b755acc99a2226c67e165ba48a92fbe5,"[400138, 413825]",Freeway,4
b79653fbeb29c4a2e2d5bcee668935e7,[404642],Freeway,4
b81c50bb858214c2f212a33f7551d6db,[410084],Freeway,6
b867cb9ebea52386be58e91184723742,[402265],Freeway,3
b884a990917d6d09cb42cf2241b25fea,"[400001, 408404]",Freeway,5
b8fd8fdab6f79bcd764f2f2b45a0e659,[401478],Freeway,6
b903cd56f8adfba3dd580940531dcee5,[402573],Freeway,4
b91c27297d4bb75388a8f631a65bbcc3,[402137],Freeway,3
b93feab1b71b30d3db53678d2d31b427,[402241],Freeway,3
b958a1373a6c1ce3a73a6452ad1ddb96,"[400260, 401472, 405838, 405839, 405840]",Freeway,4
b9beef81fe92eace5090afc1bbdc5e7e,[401816],Freeway,2
b9eb6462b3fc4955d30975f63eb1794b,"[410817, 410818, 410819]",Freeway,4
ba195b5ea3bb03322ff71cfcd8efd95b,[400380],Freeway,2
ba2515bee7e81c7c0505884f3e3cd55b,"[400729, 404430, 404443, 404438, 404439]",Freeway,1
ba2ac20bfb68651615b87f18cf4996e9,[402363],Freeway,4
ba2dc34ea5b7887a337a1e364cf62cec,"[409935, 409936, 409937]",Freeway,3
ba3ee52318473e9b060af4b4eb85cd8c,[404366],Freeway,2
ba6d8e7b3ccc7099c4372405ccbddc53,[409872],Freeway,3
bafa87b24b37d066d1059e86cd947f4e,"[400209, 404445]",Freeway,4
bb11c6c50e6795ad897edd050ec3380f,"[410547, 410548, 410549, 410553, 410554]",Freeway,3
bb17d7ec990e235f2038d73d1bedb2b5,[401825],Freeway,4
bb37f3451537eb6911e0ba347469a879,[400417],Freeway,4
bb62606be53ee609901de5440b837020,"[407354, 407370, 407371]",Freeway,3
bbb2b890bedb6c90c9ee1003bfd7bfe8,"[401298, 409635]",Freeway,3
bbb39a745f0f97b88d92953f453091fc,"[400270, 405271]",Freeway,4
bbe1d3384aa1088dbe0d891c8a76e4b4,[400823],Freeway,4
bc0833ec8395813474552bd5b50bb50d,"[401925, 403189]",Freeway,4
bc2a38201520b4a7f1161430478ce043,[406289],Freeway,2
bc51d32907cc28471d9ff2fb31bb4bde,[400690],Freeway,3
bc81e29140bb5d92b5257d7131a85393,[400768],Freeway,5
bc8361c6be7ec4c8c489cf779815a124,"[402033, 402217]",Freeway,4
bc89eb5344f8773b4f85b99a1c9da58e,"[407172, 407173, 407166]",Freeway,3
bcb662e7e8dfccb003dbb7596ace2f8d,"[400485, 400822]",Freeway,3
bcd1613106f9c7b3440f05840afd4225,[400774],Freeway,5
bce1468d62652d93b1109ec79d9d5eca,"[400425, 408276, 411559]",Freeway,4
bcf67cadf176170183fa33bac81269f2,"[406302, 406303, 406304]",Freeway,2
bd0aae8577aeb056e3bab29929661b44,[405279],Freeway,2
bd1af72bcec679ea5743bcd8c2d44108,"[400446, 403071]",Freeway,4
bd5eda9935935684b3d0a9d13acb230f,[402411],Freeway,4
be3e1d5c95e4689f3d0f0a3b0208b4e7,"[402799, 413988]",Freeway,3
be514ec23070ac87431cc099b50f3337,[407627],Freeway,1
bea7dba8a4a871b7caf1c566bff66906,"[404712, 407184, 407185]",Freeway,4
beb13e6c284df8dd4e5d93d3b5af058e,"[400660, 401269, 407261, 407268]",Freeway,4
befcc7eb78092a0be18f8d197824a2e2,[410824],Freeway,4
bf05ee9a49ff6346c59eb114f02c1d3f,"[401926, 402922, 402921]",Freeway,4
bf39e14aed29a2d0277570f83acd46ff,"[401435, 401657, 401671]",Freeway,3
bf66e350cef1e52fe549ec525107f1e2,"[402399, 402433]",Freeway,4
bf6df39d5a23a8f634be172042031dcf,"[400154, 402842, 402843]",Freeway,2
bf9325e9a6b03c57b4c181bebaeffbe8,[404656],Freeway,4
bfceebfac09ddf76a02c5f63cfe136cf,[408464],Freeway,4
c01d806967035a6c3d689dbdab351b22,[401602],Freeway,3
c059cfe07172e5273baeead59fb18932,[400207],Freeway,4
c093d6f5d000df4d528bbe5b29a66ee1,[404685],Freeway,3
c0be0b00123ea495fbda9d2e73f60b22,"[400860, 400441, 403258]",Freeway,5
c0eb2492b7cff8cb67781b46fdaca022,[401405],Freeway,2
c11c689e57c727fa454e919dc1e85f2b,[404630],Freeway,5
c12f3429128c6bf4d9b25ab5d706f1cb,"[409683, 409684]",Freeway,3
c18abffbab70283e8613688e276a29e3,"[401534, 402917, 402919]",Freeway,4
c1d491b1841aec4d5d7e10b933817498,"[402341, 402337, 410096, 410097, 410098]",Freeway,4
c232f88f51140093ab42fe5358550190,"[401167, 403456, 405701]",Freeway,5
c3c85aae82fe64fe570407102ba15976,[401604],Freeway,3
c3d776f689a58245282db249d6c5b31a,"[402062, 409569]",Freeway,4
c42ab648ea7d884852e91bbbc5957f37,[414249],Freeway,4
c495496714b05b32c8193962bf29a014,[402755],Freeway,2
c50f51079662b3b7e540777531e13e59,"[401215, 407310, 404405, 411126, 411149]",Freeway,4
c51594fc63509f2d5f281bd6cb1dd7e6,"[400278, 402852, 402851]",Freeway,3
c51c846aebbabc61ba146ead947c5f68,[404375],Freeway,2
c53172138488b61cd039f26ef91c2e2a,[401888],Freeway,5
c59970d2ad2f3d54ae6d2476241f787d,"[407331, 407346]",Freeway,4
c5a695a6f0e2091068be9a354c3282ca,[400688],Freeway,4
c5dfa8169203ae61a0de02526b799f01,"[400767, 401328, 403141, 403167]",Freeway,4
c616c7af9b746b5d575205fb90826b10,[401629],Freeway,5
c653ece75a4f073266624b81feaaa7cc,[402583],Freeway,4
c659aa218860318cbeaf80b605533ebd,"[400670, 403003]",Freeway,5
c6b33427d4612ee165e6b6ce681c1113,"[400048, 401687]",Freeway,4
c6d2ddfe1eff82490a6ac55d7127e01f,"[408907, 408908, 408909, 408910]",Freeway,3
c6d8e36fd51cc408065ace44ecc00525,"[400448, 400809]",Freeway,3
c74ffa92f95f2ece533f7666cf63a80c,[402056],Freeway,3
c750e8f86f626cb8d9f613ff539281e7,[402907],Freeway,0
c759ca70200fa68fde829dfb8a7576bb,"[405444, 405583]",Freeway,2
c75b38f685953ec4d275ad8e4a28b0d9,"[405376, 405377]",Freeway,4
c773061dde7a4a73dcde55885c251e2b,"[400169, 400749, 401366, 401794, 403136]",Freeway,4
c776a052af6605bfe2cc2d083871e50d,[400429],Freeway,4
c7c8f9fe1384bd423cb95449d5c5fc36,"[402165, 402166]",Freeway,1
c7ca03b0be709d2e36571b62b221c121,"[402253, 402254]",Freeway,3
c7ef1bac501e79092d32d30af1edee86,[401541],Freeway,3
c7f2ab2872af9d39b726959f12a47fb7,"[402980, 400534]",Freeway,4
c825613d52d59ec0bd7eb7b570939d06,"[402325, 409871, 410108, 410109]",Freeway,3
c84fe01cab07fc52faac7854b66cf94b,"[400228, 403014, 403015]",Freeway,6
c85dff9820c176ad891f9021244d8a95,"[400225, 403009]",Freeway,4
c86dbd0770c4fcd0024a4e751124a4f9,"[400504, 413176, 413177]",Freeway,2
c89fb38e56ff967087d17fcb739d4c37,"[400451, 402971]",Freeway,4
c8bece91a791780df44475649df7d3e6,"[400596, 409045]",Freeway,4
c8d4fa71f4d8a4b8bf4d01ed55f4869a,"[400553, 400696, 401126, 401356, 401918]",Freeway,4
c8dced2187841f9290e15cd38187ff46,[400922],Freeway,5
c9120f3bc3b54f7648ec6bc5d5e68f12,"[401878, 413377, 413379]",Freeway,4
c928ce9dffc9cb55547832b0f1154587,"[406628, 401954, 408149]",Freeway,4
c92942e21cd829343976bdda1180b4f3,"[400127, 400317, 400731, 400966, 401504, 401800]",Freeway,3
c93beb767e9b0df430cd3cefe697ab06,"[404440, 407372]",Freeway,3
c94686d082d74e3a74e77820b68d2ffc,"[405270, 410717]",Freeway,2
c9628359fda037e77628b61460613f51,[408151],Freeway,2
c9a99e3056f6cc40fcaea7ffd66efd12,[402753],Freeway,2
c9e3ea9e819cb22e564f022077dacc6e,[404248],Freeway,4
ca323f5b79d2a83a5c2db07ac5972b75,"[401392, 403010]",Freeway,2
ca33f75a6710379804cf7928590f9a5f,"[402019, 402020, 410701]",Freeway,6
cab6424c75e590869d8f33ba4d77088e,[402362],Freeway,4
cac65a86de6b5eea70e9b82155e14dbd,"[401083, 403272, 400707, 401226, 407749]",Freeway,4
cb2974285ee8c4091bf6f05394bfe759,"[400473, 405825, 405862, 400039]",Freeway,4
cbafb368a783911c019011e46198861b,"[404694, 404705, 405920]",Freeway,3
cbd32a0c5511e1db6056a173bd025afb,"[401448, 402390, 408094, 408093, 410101]",Freeway,4
cc6c9febd8c39132732085b0c5fbe803,"[400580, 401482]",Freeway,6
cceb90413a9f52b28a70d968f4362e41,[401412],Freeway,5
cd156fa8c596dd96e11c8a1d8c955ecc,[410781],Freeway,0
cd32266b39516dd9ce41bb6e0d70a282,"[401234, 401900, 407278]",Freeway,4
cd3b4daf41a828f759f809e95f13c51d,[404621],Freeway,4
cdf1b927d5c676b0ce9e0b7430b88c15,"[407987, 407988, 407989]",Freeway,4
ce37d66c8dab70b54ddb763757c617af,[411075],Freeway,5
ce3b7c51cd62a68f90ffa1a4fc2a200c,[400316],Freeway,4
ce3cd21a791a9de6764dc4612016e1bd,"[406906, 406907, 406908]",Freeway,4
ce5a6552a1e8814b7d0b40203053c046,"[400744, 401462, 405883, 405884]",Freeway,4
ce83b3aba270529cf25f75447fa22b66,"[407204, 407205, 409074]",Freeway,4
cea61e758d195448ef5b200a0d3933c0,"[401617, 405580]",Freeway,4
cf102c5b815e707a56d4e98b52be6fd9,"[407321, 407322]",Freeway,3
cf15da9dd4ada301bfcfcc746f0242d2,[400989],Freeway,4
cfae2f2d75e8ec3c73a6f950da5194da,"[402028, 402429]",Freeway,4
cfca9c75aa9724de2addab21957f6339,[404585],Freeway,3
d0432a883b86f951be2772e14ab4963d,"[400430, 400865, 400902, 407262, 407263]",Freeway,4
d054ed67fb6cfd78786700986892579a,"[401686, 403193, 403192]",Freeway,3
d06c725ce1a141372c2bf233c8df0949,[401788],Freeway,5
d0acf1957db7b1d36cb021d138c2e17d,"[402061, 404441, 407360, 407361]",Freeway,3
d113a73872947ff8d792ed8b036bbb12,"[409478, 409482]",Freeway,2
d11ea9e4b5c108bbe96ff03ce08d24f1,"[400432, 400728, 407265]",Freeway,5
d147ac7e7f356e50f67447a09e5c7874,[402261],Freeway,3
d14b35e98919c0d8752252b4e5ab146d,"[400208, 400883]",Freeway,6
d187ccbb83fc1798b87d8456ba82a01a,"[402208, 402836, 414056]",Freeway,3
d1eb519279756dd345320f2992ecbeea,"[402141, 403211, 403212, 403213]",Freeway,6
d2222735840757f194a5dda5b069813e,[404626],Freeway,4
d2342c3adc6757bb9a7190b1cf46a1c0,[402130],Freeway,4
d242b584c49e28961fbf567e26f02076,"[402936, 403224, 403225, 403264, 403265]",Freeway,3
d2445772216574c26b2bfdf2431bf0d4,[404583],Freeway,3
d247535631c34a2444904ea0f69c4c9b,"[404551, 404553, 404565]",Freeway,4
d27bcae1d43073dafb465a02a7f275ca,[401288],Freeway,5
d295650611ca04be9e8e4820c91be339,"[401439, 401446, 410561, 410562]",Freeway,4
d298e028949a926e725e3c0a83468948,[401598],Freeway,3
d2d9b754d6f83429f039ddb0278859a3,[400104],Freeway,3
d2f1bcc160d1c755206bddb748a8e35d,"[401796, 401799, 402865, 402864]",Freeway,2
d2f99f87044aef8a06d8ce1d766d464a,"[410686, 410687]",Freeway,5
d2ffbd81fd1ea8393c754b366f69d94b,[402592],Freeway,4
d36fc519546aa78bcc910dbf091a6e29,[402932],Freeway,0
d376d936d37da362d3ddfed4ca621313,"[406766, 402538]",Freeway,5
d40979191ebdacbc403172ba8e794a25,"[400392, 400727, 400460]",Freeway,4
d41069cf1e32cc42da4158bee9f8975c,"[401829, 404353]",Freeway,4
d4249c7f100389847e15525e52c81ba6,[400715],Freeway,2
d44d8829eda1a4087ec5c45951822239,"[403979, 403981]",Freeway,0
d48b8bdf573ecbf9f9684f413957ef78,"[400050, 400646, 402532]",Freeway,3
d49b4c0be5171bf09ed203c603f95f33,"[400257, 414134]",Freeway,2
d4e03dc1e6301db158402713c50d90c6,"[401461, 403126]",Freeway,4
d52f531cd34ffa9b3ca345b0d34deed5,"[401113, 401780, 404687, 405925]",Freeway,4
d5842ba3026c8e19e2faa3cd9f43539c,"[402578, 402580]",Freeway,5
d59ee77fd4caf0bf6e448b6353ee543d,[403271],Freeway,2
d5b49c441fe5e09076a678c70ecaaa86,[400291],Freeway,4
d5e18fa8bb1b16d73de53c6bbeabae58,[402599],Freeway,4
d604bedfa58695083bbe4451b9bf6d14,"[401439, 410560]",Freeway,4
d6a4ecd886429537e23f87cdd40a9767,[404387],Freeway,4
d6dbd52b911460e37a5797f2c37d23bc,"[402642, 402646, 406305]",Freeway,2
d6dca5edd89f7c511772faa2ea1faa03,"[402514, 414306, 414307]",Freeway,3
d70728c9dcc47b881d33bda5f68a89bf,"[408872, 407710, 411976]",Freeway,3
d70ee7337af15ce3dae1912999812c36,"[406063, 406064]",Freeway,4
d77b392ad4d4d0cad5ea65d77fc4959d,"[401581, 409885]",Freeway,3
d856cb1fb3aa16e30375454484b5ecb3,"[400390, 405248]",Freeway,4
d87188bd32cdd6c730ab9c3b459b6b9f,[402267],Freeway,3
d898853c22bb681727d22eaafe72e5ad,[407369],Freeway,0
d8ac5bdc383a0c96b269208463bb3684,"[402873, 402874]",Freeway,0
d8adb330554f50c4953e071953b8e43e,"[401336, 407948, 407949, 412782, 412785]",Freeway,5
d8e4ea1e55c7b931db08022c87d3699b,[400539],Freeway,5
d8f036d250caf0ce7f38cdc66237a78b,"[401578, 401586, 410099]",Freeway,3
d9d0a3f5a8c555e91073bf5375d9d584,[402244],Freeway,3
d9f1d416b08b424e64e1b796f09e760e,"[401106, 403986, 403987]",Freeway,0
da008832974a00e33ba06c88ab572353,"[404410, 407883, 409231]",Freeway,3
da09568789e460a83f798e2ae437b0eb,[402139],Freeway,4
da57d7b5e3861bf41cdf4d3dc54e90bd,[402042],Freeway,2
da64b3f488b2646538220ca59a1bb2d2,"[412637, 412638, 412639, 412640]",Freeway,4
da9c0e6e8db1899b4c63e57439610a05,[402714],Freeway,2
dae5b5f6a702c48b067c487b67d61a82,[401454],Freeway,4
db0a10e81936dad6e7546aa7bf5facc5,"[402555, 402557]",Freeway,4
dba700affd1323084470fcf877ed3d47,"[400248, 402970, 402969]",Freeway,4
dbe4b13ee0e1a0f7e188668a6e77991b,"[402764, 402770]",Freeway,2
dc0ac38f683acc8a8179b94fcfbe5432,[402105],Freeway,4
dc0cca94d658a064035a8a59099fb208,[400073],Freeway,2
dc4b3591c4cd2cfbe2eff1143f323670,[404364],Freeway,3
dc6fd82b604e88bc54e9250e58ac46ff,"[400606, 403076]",Freeway,4
dc7ef29ba15bf990b349e8874b7c73bb,"[405275, 405276, 406644, 406643]",Freeway,4
dc99d6217067b4ade6a1284280d2e1aa,"[400988, 401098, 401107, 401422]",Freeway,4
dd490622072650cf2837d36b126b4362,"[409671, 409672]",Freeway,3
ddf4b1a07fbd304a38bedf9a4e2dbae0,[400637],Freeway,3
de077dfe189e9366b073740f14150aae,[400867],Freeway,3
de41e763c4ddddfd17cb28f8f5a00406,"[403169, 411746, 411754]",Freeway,3
de5839cde1e16bbac638045817fb0fe3,"[400116, 400763, 405865, 405871, 405872, 405873, 405880]",Freeway,4
de7ef7e27589748a5c271d2a2060b294,"[400440, 403057, 403058]",Freeway,4
de88db51b70442c8c44114280d0b633f,"[401768, 404690]",Freeway,4
dec89e1acd5149482244133351960c70,[409960],Freeway,5
ded007549a292997457d284dd3e01f7c,"[400301, 401230, 407295, 407305]",Freeway,4
ded071f9b03fe40693f007db077943a5,"[407169, 407170, 407171, 407176, 409057, 409058]",Freeway,4
df209cac09d05a2f7e0a22dc8e931df8,"[400143, 400513, 405149, 405150, 405259]",Freeway,5
df2105752d16e7b287097b7426caecc4,"[407178, 407179, 409060]",Freeway,4
df323ebd069cf87c000bb83fb2db7b57,[401845],Freeway,4
df43d17ebd4302b5ba825e674aa30158,[404586],Freeway,3
df477cab508ee7713135b76a99854bb3,"[403321, 404260, 404262, 404263]",Freeway,4
dfaa6d283c2992ce8a6a4e25b7cbd36b,"[400160, 402928, 402929]",Freeway,4
dfd26b2508d008ad867b43ce2eae005f,"[400002, 400621, 400106]",Freeway,5
e00177c33aa84e4fda432f7e120dada8,[400255],Freeway,5
e02fdd3531725b6bc5f143fd6da2dae3,[405034],Freeway,3
e05a4406b7f55f67a3664280d2340061,"[400414, 404616]",Freeway,4
e0938c17e3c5671973b77c7642923709,"[403906, 403907, 404266, 404641]",Freeway,4
e0b38ea8abdc15168cd786487c433b32,[407464],Freeway,4
e0baa6ac9c09cf1bf3a86f61942ae2a0,"[405867, 405868, 400641, 405870]",Freeway,4
e0c1a04c0666191b9c20e85fe89ec664,"[400041, 400284, 402995, 402996, 403170]",Freeway,4
e0db3e4a240b868c81c2174facdd5813,"[402119, 402289, 413039, 413040]",Freeway,4
e0f8a9be8f36933b93e37c4034dbb282,"[401698, 403429]",Freeway,5
e11f158ab8e8b4ea9f9ff440aff53431,"[402068, 408165]",Freeway,5
e1287d67a02ac9d545721884aa23d15a,"[401766, 406581]",Freeway,3
e14342b729d1eed2980364a1b88cb566,"[400679, 401198]",Freeway,5
e17d309521ea78fc9ea7cc059b6a9c19,"[401681, 401746]",Freeway,5
e2053ff8b74f821da86d40b8a821c470,[400892],Freeway,6
e25241623e5d1fa4c74aa32c7485a107,"[401924, 403191]",Freeway,4
e2ad654242f276371c3432dbca402323,"[407155, 407156]",Freeway,4
e2ea4b1aaf67398fd5b5eded5a92af94,[408790],Freeway,4
e2fb6041de72083e2b30af85ee30608c,"[404716, 407206]",Freeway,4
e30cab9ea184dc30b21e5c290f3e7943,[402258],Freeway,3
e34f7f6085c5f58023ca3bb6eed02bc7,"[400665, 407194, 407195]",Freeway,4
e412c72a6f78a16627c8d74bb8cec7fc,[401856],Freeway,4
e43c7b8da3fcd2ad9bb0bbb63c375b23,"[403324, 404261]",Freeway,4
e45a553b005f79a9c9ddc0b766fc1dd3,"[402094, 402091]",Freeway,2
e46699831dad4691108d1ccd6c61c080,[401351],Freeway,2
e4a342aa0b22c34697e21827651ae8c1,"[400484, 401515, 403173, 413248]",Freeway,5
e4a8978f409f5a8d6f6653659a296b56,"[401784, 408004, 408005]",Freeway,6
e507328760c0fe7f2e780b9487b8af50,"[400642, 401896, 401897]",Freeway,3
e5348fd357937894995b9470ff983ea1,[402641],Freeway,2
e5e445ae845bf89fb3fff87a4f42d39b,"[403280, 403279]",Freeway,3
e6083a1ac7aabcf6db0fff6e9b5312a3,[404651],Freeway,4
e62998941c854644be75696ef68f1edd,"[402059, 404454]",Freeway,4
e649e58bb96946b1baf9dcf4b9155c2d,"[400778, 402959, 402958]",Freeway,4
e7064e4a567d602c5b82fdf492395443,[402380],Freeway,4
e709d0778c016ab450cb6ebcdb5bd44c,"[400037, 400110, 401734, 403055, 403097]",Freeway,6
e777dbad6055e165112e279bbf304efc,[401689],Freeway,5
e7e01550707e81b26c6e09dbbaec2a3a,"[400341, 400678, 403034, 403035]",Freeway,4
e7e01a7fcb3b2ef5c3d6f9560f455ba7,[403040],Freeway,0
e81504d73a6462421495eb3ce67a295e,[400132],Freeway,3
e829e7c676888bd8404e209d17b1e273,[410551],Freeway,0
e9122bc84c88daed455e34908e4a04b7,"[401833, 401834, 410093, 410094, 410095]",Freeway,4
e91b60d1118b9e1ec8b3a991557037f0,[404632],Freeway,3
e962291f7ff618dee641fee661068d6b,"[400495, 410364, 410366]",Freeway,4
e965911d27cbb2b9c1367f9de837fe68,"[401209, 407275, 411102]",Freeway,4
e985e1cccf749cda9a39d30ebb726661,[404725],Freeway,3
e9a26760232c2bac03345a3e02f8a66f,"[401512, 413326]",Freeway,4
e9a8236dfc258192090eb7930e280466,[404510],Freeway,4
e9c923a144a2921f7a1e884216cd0cde,[400535],Freeway,4
e9ca968d1df774da4c7b00fd16466946,"[400935, 400527, 403287, 403288]",Freeway,5
e9dab87f7995a9e29b7434e72b27c98d,[401638],Freeway,4
ea21693c1a283505e0ff466eb8512a67,"[400868, 401409, 404508, 403132]",Freeway,4
ea5d07f24574f3260f529bca284ac4ad,"[400423, 400759]",Freeway,3
eab387ac204075efa5fa2c80f6c6c50f,[400407],Freeway,3
eb33733ea1075312fdb95eb12286b3c3,"[406694, 406695, 406696]",Freeway,2
eb4eefe6b304279865f6992d8c806fc6,[400973],Freeway,3
eb7d5b8b8ec3bc563a8187db8ebda91b,"[407186, 409076]",Freeway,4
ec0a43779245aed9558b850030607b3b,[403227],Freeway,6
ec18d02645680aa94082a6756bce76a9,[401819],Freeway,3
ec58b39b79bd384d8ad80ee1c598b0e8,[404634],Freeway,4
ec7018a4890d0f9343f7a14345a15460,"[404329, 414015, 414016]",Freeway,4
ec84506cf47da464b45a2d02b1aa381d,[401489],Freeway,4
ed795b88e7df63b37ad87ba340dec79f,"[401016, 406049, 401213, 410590, 413291]",Freeway,4
edd807a5d19a396e0b43dd3942557cea,[413814],Freeway,5
ee16241ed18584ff20d9b1b207037d1b,[400174],Freeway,3
ee3b3d3d4c8fcbf35a6ada1d407895cb,[402569],Freeway,4
eea5289d3bb7fecdbeadd95cf40aba4a,[409525],Freeway,3
eefeb597a08a9ca368e4379c58d476c3,[404692],Freeway,2
ef4eb2045985746c2f350f1d98c83ced,"[403901, 403910]",Freeway,4
ef881b8ac156241b3d16d7a847e5af4a,[404385],Freeway,4
ef94b31fe85a84cdb0b9797262561fac,"[400354, 400747]",Freeway,5
efdeb305cc152f8431b69a9fbc34125a,[400552],Freeway,4
efec16bba017ccb4b295970fdb4e9bb5,[402048],Freeway,2
f022bafe97df4eb7649ad5eed1582027,"[409943, 409945, 410160, 410167]",Freeway,3
f0729ad7f59f8629404d95c73ffc8183,[401560],Freeway,3
f0948f451c0b889ea10adadf3a8f5d9f,"[402854, 400221]",Freeway,3
f09aabf13cbf02001e1e370a0b29d52b,[401701],Freeway,2
f0a7de7dc5c34f200181fe2902a7a563,[402713],Freeway,2
f0ab25b75d0563e92800b467fc5cc70c,"[400007, 400817]",Freeway,5
f0f230f813d199c305e21cce68cc07e9,"[400978, 402869, 402870]",Freeway,4
f139091c4f71a1b36a07e32437183a49,"[405644, 412189, 412190]",Freeway,2
f17390eba6f0d35a7ed1bbfaebe84263,"[402814, 402815, 402816, 402817]",Freeway,5
f187b9e67b5ac6d6348cf746cac64e21,[401148],Freeway,2
f1bcdc2b0ec2ec54af8423d162c62c43,"[402096, 408157]",Freeway,1
f1c529d2b90c7f2a94f3bf2f6130c235,"[400212, 400880, 401359, 401593, 401917, 403179, 401102]",Freeway,4
f1d832f83d43d2d109b09a7e2acd2f43,"[404278, 404281, 404282]",Freeway,4
f1dbb6cdbf46fcbbb77328c3fb25117b,"[402796, 413985, 413986, 413987]",Freeway,3
f22ce7fb7302cfeeb4c59a46ae806e0c,[404319],Freeway,4
f22cf196292ab39a49de3737e28f09ca,"[400611, 401561, 402990]",Freeway,4
f24fb9a077f02d7b241a8645beb331ad,[410545],Freeway,2
f2529eeb1fc66ff783ca6e80f766a537,[401791],Freeway,5
f278b4aca20da2c831169c28f84d7620,"[406660, 407250, 401894]",Freeway,4
f2b71d4aea0e755ebcc589bbe0012098,"[402536, 402537, 403051]",Freeway,3
f2ddd9ad69309b592849faa1dc2f4a62,"[402835, 414023, 414293, 414294]",Freeway,2
f3c48f9fbf88c377c7bc2e97ed866942,"[403400, 403401]",Freeway,4
f43f885c4295bee8f8db964814564ffc,[401501],Freeway,4
f4984a2b9e56ca4067c4891219025acf,"[402117, 404028]",Freeway,3
f4a5899c76c86494f9d98a657bc46382,[400071],Freeway,3
f4ead960e021aeaefd0efe3daaa2ef0c,[404544],Freeway,4
f51f6364319922154869466bc5ae7d84,"[401928, 405891]",Freeway,5
f5624931f8859cb43a89b7f35ca36f7e,"[405585, 400516, 401612, 414042]",Freeway,4
f5b154ecdc45ae9ebc87857ba07e7863,[404372],Freeway,5
f5c21773a5a10508d2488d55c85cf163,"[400445, 407270]",Freeway,4
f5c2856eec20021604ef722e49ce7ca8,[400030],Freeway,3
f69cfeabf4e68bf2d62737c16740bd4e,"[410746, 410747]",Freeway,0
f6bc12e21357bd3948b464f238d6d6d4,[400550],Freeway,4
f6cce164d909fd735241d3172d607062,"[401483, 402856]",Freeway,4
f70627e06fb7973698834463ad699aa4,"[400097, 400582]",Freeway,3
f74e2c85b5e5830a98f57fbad9446da6,[403404],Freeway,4
f74f164907a20c2ad132a99c6e39cb84,"[407196, 409072]",Freeway,4
f7864c506dc4c098425ff01211dff46a,"[401860, 401861, 412820, 412821]",Freeway,4
f7cb2bdd15f95785b5cf34d6e8f7d525,"[407177, 409059]",Freeway,4
f7cdc61f45d83f0613093af4fdf18eb5,[404594],Freeway,5
f7ebf47b6f029faa1020bf2c42451283,"[407332, 407333]",Freeway,1
f7fb0deff4cfc402c8ba19c43501c95e,"[402010, 402106, 408865]",Freeway,3
f855ac9e8170c84c87c8be5453877210,[402408],Freeway,5
f856a167756e72d2122c81ce7fbd8e00,[400742],Freeway,4
f8a87bd6670d3e137106cb5aca714ec9,[400331],Freeway,4
f8aa899d0f0a4831dfb84ca5c7cd4d45,"[400964, 402889]",Freeway,3
f8ab20dba557b3cfce72a64c583d4692,"[405391, 405405, 405406]",Freeway,4
f9049edc8a05bacc4d1ade237a817c38,"[410106, 410107]",Freeway,3
f913816288eb5088aa6ea66140a61233,"[410791, 410792]",Freeway,5
f9448b3630e82b02a2a07a5eeeb3eae9,"[400197, 400251]",Freeway,4
f961b06b61b636a3dbc8c0c098130c0c,"[407165, 409056]",Freeway,6
f9c1066fe53abecf0d5898b744d798b8,"[400333, 400422, 403016, 403017, 403018]",Freeway,4
f9f22a4ac2b57edca57aeaf4e5373e0f,[412443],Freeway,4
fa4a4214767ed259d17dce457be8a590,"[400649, 403976]",Freeway,2
faab5f4fae5efa876d75c112aa2251eb,[404764],Freeway,6
fab50fb5e82f6e3ab0266159120dffb7,"[404446, 407367, 407368]",Freeway,3
fad9cbc60adc6f09eefc3b32040cdc4f,"[400788, 403012, 403011, 403008]",Freeway,4
fb3761c7cb114cbeccc700693c51806f,[400726],Freeway,4
fb48fcd7994805554b8e1e722ecbcf1e,"[400496, 401301]",Freeway,3
fb5125d7cca8994607888330f9b34d34,"[400700, 400772]",Freeway,3
fbe357501dd5a3af4eb1a863fe5bd7ec,"[400124, 403276, 403458, 403460]",Freeway,4
fbe545603ae6d25fb5316c333456d3b0,"[409929, 409930, 410165, 410166]",Freeway,3
fc4164e1c3843c0e09fe19596569adf8,"[402800, 402828, 404749]",Freeway,5
fc872dae8531556b633ab239c5534480,"[405834, 405835, 400010, 405836, 405837]",Freeway,4
fc97b5bec0a1fcbb12b4a368a0ccfb43,[400075],Freeway,6
fce3920dd1fcb6401f278588b957a1b6,"[409107, 409108, 409109]",Freeway,3
fce6561deeb6d38801dfad3c0f2173d5,[401603],Freeway,3
fd035c9697920643a8abdd558b1601a9,"[401936, 402918]",Freeway,4
fd351059bcf904a54ec081fa2b617c76,[401407],Freeway,6
fd494d853431a16afd39ce665bdcc9dd,"[400274, 400687]",Freeway,3
fd5caaf6a1d6982a87be40ac4168cb1b,"[401581, 401578, 409883]",Freeway,3
fd8ded051694699febf295e72a6e77da,"[400067, 402982]",Freeway,4
fda57e1eecaf849bbfe8f51cf60d9431,"[401347, 403101, 403102]",Freeway,4
fdb0f8fb4769ae94fbdf0b1b2e88f6d3,"[400172, 402886, 402887]",Freeway,4
fdccd5cb194df0b57ed7812ed544acc6,[405029],Freeway,3
fdf0deac94550bd216a22488d4fc6400,"[400338, 412872]",Freeway,4
fe45b194eb8e38b3d3b62fffd6462a18,"[402788, 407221]",Freeway,4
fe9222610b38f4b2a570b99ef7a10d5e,[403176],Freeway,0
fea949aa6b09c8d952a7fa8869c7773f,[404301],Freeway,4
fee8a5337c55a594d57c425bee11a923,"[401358, 404507]",Freeway,5
ff3c52bfecca4ef2fab8c3849e2ff833,"[400600, 400616, 400619, 401423]",Freeway,4
ff7acac14c0bb77fcdacf4ccd6966517,"[402575, 402577, 402579]",Freeway,5
ff8f4bf33f498176b2a6e2fe4d078ff4,"[400108, 402840, 402841]",Freeway,2
ff90d3fb5034f779cc6c4841f2fbcfc5,"[408152, 408153, 402096, 408157]",Freeway,2
ff9ba0a399cb6a07872339ed82edea56,"[403325, 400703, 412871]",Freeway,4
ff9fb0954535136f65fa9fda0774b468,"[404877, 407980, 407981, 414043, 414044]",Freeway,4
269412ee107ba270e34f1f8f73af425a,[401694],Freeway,3
b9ff729b192ada1943ba86a1e778ceb0,[408621],Freeway,2
