emme_node_id,model_node_id
1,390008
2,390031
3,390034
4,390043
5,390073
6,390090
7,390138
8,390145
9,390148
10,390163
11,390191
12,390207
13,390213
14,390218
15,390222
16,390233
17,390285
18,390324
19,390357
20,390372
21,390388
22,390458
23,390459
24,390462
25,390478
26,390491
27,390502
28,390508
29,390521
30,390538
31,390592
32,390618
33,390642
34,390650
35,390652
36,390666
37,390675
38,390691
39,390718
40,390776
41,390785
42,390787
43,390837
44,390913
45,390921
46,390922
47,390951
48,390960
49,390983
50,390993
51,390997
52,391024
53,391039
54,391046
55,391113
56,391114
57,391120
58,391136
59,391143
60,391167
61,391190
62,391257
63,391292
64,391315
65,391340
66,391351
67,391376
68,391398
69,391404
70,2500163
71,2500170
72,2500179
73,2500180
74,2500181
75,2500191
76,2500195
77,2500198
78,2500217
79,2500249
80,2500296
81,2500302
82,2500357
83,2500414
84,2500478
85,2500517
86,2500550
87,2500578
88,2500585
89,2500590
90,2500630
91,2500656
92,2500684
93,2500711
94,2500725
95,2500775
96,2500827
97,2500839
98,2500871
99,2500874
100,2500926
101,2500969
102,2501020
103,2501041
104,2501088
105,2501105
106,2501208
107,2501215
108,2501304
109,2501351
110,2501366
111,2501385
112,2501561
113,2501641
114,2501648
115,2501654
116,2501662
117,2501707
118,2501753
119,2501758
120,2501793
121,2501808
122,2501821
123,2501838
124,2501882
125,2502000
126,2502020
127,2502075
128,2502093
129,2502107
130,2502133
131,2502160
132,2502188
133,2502221
134,2502234
135,2502247
136,2502371
137,2502379
138,2502448
139,2502459
140,2502472
141,2502496
142,2502569
143,2502604
144,2502614
145,2502650
146,2502668
147,2502694
148,2502837
149,2502914
150,2502916
151,2502956
152,2502983
153,2503019
154,2503027
155,2503064
156,2503092
157,2503149
158,2503158
159,2503187
160,2503198
161,2503246
162,2503264
163,2503274
164,2503297
165,2503310
166,2503324
167,2503390
168,2503413
169,2503457
170,2503471
171,2503499
172,2503521
173,2503575
174,2503616
175,2503639
176,2503673
177,2503704
178,2503739
179,2503757
180,2503916
181,2503928
182,2503930
183,2503973
184,2504044
185,2504064
186,2504075
187,2504130
188,2504153
189,2504157
190,2504196
191,2504199
192,2504262
193,2504286
194,2504296
195,2504321
196,2504383
197,2504422
198,2504456
199,2504479
200,2504516
201,2504539
202,2504567
203,2504577
204,2504625
205,2504644
206,2504668
207,2504672
208,2504689
209,2504698
210,2504725
211,2504748
212,2504785
213,2504794
214,2504819
215,2504832
216,2504853
217,2504865
218,2504876
219,2504897
220,2504943
221,2504946
222,2505019
223,2505038
224,2505098
225,2505105
226,2505124
227,2505130
228,2505141
229,2505144
230,2505148
231,2505154
232,2505157
233,2505175
234,2505208
235,2505213
236,2505217
237,2505222
238,2505244
239,2505248
240,2505270
241,2505306
242,2505346
243,2505381
244,2505384
245,2505393
246,2505407
247,2505431
248,2505449
249,2505488
250,2505493
251,2505494
252,2505495
253,2505529
254,2505538
255,2505540
256,2505545
257,2505614
258,2505694
259,2505726
260,2505748
261,2505768
262,2505776
263,2505874
264,2505896
265,2505912
266,2505925
267,2506003
268,2506006
269,2506021
270,2506025
271,2506064
272,2506078
273,2506090
274,2506148
275,2506224
276,2506238
277,2506261
278,2506287
279,2506303
280,2506380
281,2506464
282,2506545
283,2506638
284,2506645
285,2506656
286,2506684
287,2506833
288,2506880
289,2506882
290,2506983
291,2506985
292,2506988
293,2506994
294,2506995
295,2507011
296,2507024
297,2507051
298,2507105
299,2507108
300,2507125
301,2507207
302,2507238
303,2507243
304,2507261
305,2507273
306,2507274
307,2507283
308,2507297
309,2507418
310,2507439
311,2507485
312,2507526
313,2507529
314,2507540
315,2507552
316,2507559
317,2507593
318,2507701
319,2507721
320,2507771
321,2507795
322,2507825
323,2507871
324,2507941
325,2508056
326,2508067
327,2508132
328,2508143
329,2508145
330,2508161
331,2508176
332,2508190
333,2508200
334,2508231
335,2508291
336,2508295
337,2508324
338,2508377
339,2508389
340,2508458
341,2508478
342,2508484
343,2508511
344,2508568
345,2508597
346,2508638
347,2508708
348,2508718
349,2508732
350,2508756
351,2508784
352,2508808
353,2508810
354,2508909
355,2509009
356,2509010
357,2509011
358,2509019
359,2509043
360,2509064
361,2509120
362,2509174
363,2509188
364,2509204
365,2509256
366,2509281
367,2509339
368,2509344
369,2509393
370,2509442
371,2509547
372,2509562
373,2509571
374,2509644
375,2509673
376,2509691
377,2509763
378,2509783
379,2509827
380,2509850
381,2509862
382,2509868
383,2509870
384,2509893
385,2509895
386,2509917
387,2509944
388,2509968
389,2509987
390,2509996
391,2510081
392,2510128
393,2510201
394,2510260
395,2510298
396,2510302
397,2510305
398,2510309
399,2510348
400,2510511
401,2510518
402,2510533
403,2510535
404,2510552
405,2510565
406,2510573
407,2510605
408,2510611
409,2510701
410,2510758
411,2510792
412,2510815
413,2510836
414,2510934
415,2511006
416,2511008
417,2511041
418,2511055
419,2511076
420,2511087
421,2511158
422,2511164
423,2511205
424,2511227
425,2511252
426,2511260
427,2511268
428,2511292
429,2511316
430,2511380
431,2511401
432,2511440
433,2511516
434,2511536
435,2511538
436,2511560
437,2511562
438,2511566
439,2511573
440,2511604
441,2511627
442,2511661
443,2511755
444,2511779
445,2511854
446,2511855
447,2511863
448,2511873
449,2511884
450,2511889
451,2511931
452,2511976
453,2512091
454,2512099
455,2512169
456,2512184
457,2512211
458,2512327
459,2512352
460,2512380
461,2512381
462,2512455
463,2512511
464,2512571
465,2512577
466,2512584
467,2512674
468,2512698
469,2512768
470,2512825
471,2512872
472,2512988
473,2513027
474,2513093
475,2513099
476,2513115
477,2513122
478,2513137
479,2513156
480,2513161
481,2513229
482,2513260
483,2513268
484,2513277
485,2513311
486,2513312
487,2513318
488,2513332
489,2513348
490,2513499
491,2513597
492,2513622
493,2513686
494,2513816
495,2513870
496,2513913
497,2513919
498,2513972
499,2514077
500,2514169
501,2514257
502,2514280
503,2514288
504,2514478
505,2514519
506,2514602
507,2514618
508,2514656
509,2514692
510,2514695
511,2514699
512,2514724
513,2514732
514,2514741
515,2514750
516,2514755
517,2514761
518,2514857
519,2514866
520,2514881
521,2515016
522,2515020
523,2515072
524,2515088
525,2515105
526,2515114
527,2515140
528,2515146
529,2515160
530,2515193
531,2515206
532,2515218
533,2515253
534,2515260
535,2515262
536,2515329
537,2515348
538,2515416
539,2515429
540,2515430
541,2515460
542,2515470
543,2515505
544,2515512
545,2515521
546,2515658
547,2515718
548,2515789
549,2515790
550,2515826
551,2515903
552,2515909
553,2515911
554,2516002
555,2516006
556,2516015
557,2516061
558,2516086
559,2516134
560,2516146
561,2516148
562,2516163
563,2516169
564,2516194
565,2516197
566,2516216
567,2516241
568,2516291
569,2516322
570,2516329
571,2516344
572,2516372
573,2516402
574,2516404
575,2516413
576,2516415
577,2516525
578,2516532
579,2516590
580,2516623
581,2516710
582,2516722
583,2516775
584,2516817
585,2516859
586,2516863
587,2516866
588,2516892
589,2516920
590,2516921
591,2516952
592,2517020
593,2517099
594,2517191
595,2517196
596,2517218
597,2517286
598,2517319
599,2517325
600,2517358
601,2517403
602,2517437
603,2517445
604,2517446
605,2517464
606,2517467
607,2517480
608,2517484
609,2517496
610,2517504
611,2517506
612,2517513
613,2517523
614,2517525
615,2517531
616,2517546
617,2517602
618,2517604
619,2517621
620,2517631
621,2517637
622,2517690
623,2517720
624,2517748
625,2517836
626,2517916
627,2517920
628,2517967
629,2518005
630,2518050
631,2518069
632,2518089
633,2518094
634,2518142
635,2518144
636,2518212
637,2518255
638,2518300
639,2518306
640,2518354
641,2518372
642,2518406
643,2518451
644,2518491
645,2518530
646,2518540
647,2518565
648,2518633
649,2518655
650,2518671
651,2518737
652,2518759
653,2518770
654,2518788
655,2518791
656,2518839
657,2518861
658,2518912
659,2519034
660,2519043
661,2519059
662,2519063
663,2519090
664,2519129
665,2519221
666,2519245
667,2519280
668,2519291
669,2519380
670,2519388
671,2519391
672,2519407
673,2519412
674,2519507
675,2519534
676,2519552
677,2519553
678,2519596
679,2519598
680,2519609
681,2519705
682,2519707
683,2519722
684,2519730
685,2519753
686,2519846
687,2519857
688,2519869
689,2519994
690,2520014
691,2520043
692,2520104
693,2520142
694,2520164
695,2520281
696,2520307
697,2520450
698,2520528
699,2520575
700,2520579
701,2520593
702,2520609
703,2520686
704,2520742
705,2520781
706,2520792
707,2520838
708,2520859
709,2520924
710,2520939
711,2521023
712,2521064
713,2521153
714,2521186
715,2521250
716,2521294
717,2521300
718,2521303
719,2521309
720,2521317
721,2521350
722,2521401
723,2521441
724,2521452
725,2521527
726,2521609
727,2521619
728,2521689
729,2521716
730,2521722
731,2521738
732,2521742
733,2521797
734,2521835
735,2521913
736,2521932
737,2521949
738,2521985
739,2522029
740,2522037
741,2522050
742,2522057
743,2522061
744,2522087
745,2522096
746,2522097
747,2522119
748,2522157
749,2522217
750,2522248
751,2522314
752,2522398
753,2522433
754,2522464
755,2522483
756,2522519
757,2522571
758,2522592
759,2522595
760,2522618
761,2522688
762,2522692
763,2522702
764,2522714
765,2522793
766,2522816
767,2522882
768,2522892
769,2522922
770,2522941
771,2522965
772,2523018
773,2523019
774,2523076
775,2523110
776,2523114
777,2523141
778,2523145
779,2523204
780,2523229
781,2523233
782,2523238
783,2523258
784,2523263
785,2523291
786,2523440
787,2523446
788,2523501
789,2523518
790,2523598
791,2523613
792,2523644
793,2523651
794,2523656
795,2523673
796,2523699
797,2523754
798,2523821
799,2523834
800,2523859
801,2523927
802,2523952
803,2523985
804,2524011
805,2524019
806,2524078
807,2524088
808,2524094
809,2524146
810,2524163
811,2524264
812,2524277
813,2524283
814,2524292
815,2524315
816,2524396
817,2524417
818,2524479
819,2524548
820,2524549
821,2524580
822,2524610
823,2524614
824,2524698
825,2524725
826,2524765
827,2524807
828,2524884
829,2524913
830,2524963
831,2524988
832,2524990
833,2525018
834,2525052
835,2525085
836,2525165
837,2525174
838,2525190
839,2525245
840,2525250
841,2525252
842,2525275
843,2525287
844,2525303
845,2525319
846,2525323
847,2525332
848,2525376
849,2525405
850,2525410
851,2525431
852,2525486
853,2525490
854,2525576
855,2525582
856,2525614
857,2525626
858,2525734
859,2525820
860,2525878
861,2525921
862,2525990
863,2526043
864,2526082
865,2526151
866,2526162
867,2526173
868,2526215
869,2526223
870,2526225
871,2526302
872,2526306
873,2526333
874,2526376
875,2526426
876,2526505
877,2526531
878,2526544
879,2526560
880,2526608
881,2526613
882,2526617
883,2526630
884,2526649
885,2526692
886,2526734
887,2526770
888,2526772
889,2526798
890,2526851
891,2526867
892,2526919
893,2526937
894,2527108
895,2527134
896,2527180
897,2527201
898,2527208
899,2527252
900,2527261
901,2527279
902,2527325
903,2527432
904,2527447
905,2527480
906,2527496
907,2527571
908,2527632
909,2527676
910,2527706
911,2527756
912,2527830
913,2527842
914,2527897
915,2527914
916,2527921
917,2527924
918,2527976
919,2527985
920,2528033
921,2528059
922,2528080
923,2528111
924,2528152
925,2528154
926,2528169
927,2528178
928,2528186
929,2528202
930,2528229
931,2528247
932,2528333
933,2528392
934,2528460
935,2528486
936,2528510
937,2528529
938,2528558
939,2528600
940,2528645
941,2528646
942,2528705
943,2528706
944,2528721
945,2528779
946,2528818
947,2528830
948,2528858
949,2528868
950,2528871
951,2528935
952,2528954
953,2529051
954,2529056
955,2529062
956,2529102
957,2529108
958,2529166
959,2529210
960,2529223
961,2529361
962,2529372
963,2529375
964,2529418
965,2529427
966,2529477
967,2529501
968,2529522
969,2529534
970,2529540
971,2529600
972,2529654
973,2529665
974,2529698
975,2529707
976,2529716
977,2529745
978,2529798
979,2529875
980,2529902
981,2529934
982,2529967
983,2530002
984,2530054
985,2530062
986,2530063
987,2530181
988,2530198
989,2530228
990,2530250
991,2530296
992,2530334
993,2530393
994,2530419
995,2530420
996,2530652
997,2530664
998,2530668
999,2530732
1000,2530750
1001,2530757
1002,2530760
1003,2530761
1004,2530765
1005,2530786
1006,2530914
1007,2530919
1008,2530939
1009,2531003
1010,2531007
1011,2531039
1012,2531061
1013,2531062
1014,2531247
1015,2531253
1016,2531281
1017,2531285
1018,2531288
1019,2531306
1020,2531329
1021,2531334
1022,2531345
1023,2531346
1024,2531357
1025,2531469
1026,2531470
1027,2531480
1028,2531502
1029,2531510
1030,2531576
1031,2531603
1032,2531604
1033,2531634
1034,2531666
1035,2531692
1036,2531720
1037,2531749
1038,2531823
1039,2531897
1040,2531906
1041,2531911
1042,2531985
1043,2532026
1044,2532076
1045,2532154
1046,2532171
1047,2532207
1048,2532227
1049,2532293
1050,2532327
1051,2532344
1052,2532386
1053,2532416
1054,2532448
1055,2532458
1056,2532493
1057,2532528
1058,2532534
1059,2532542
1060,2532593
1061,2532601
1062,2532632
1063,2532772
1064,2532773
1065,2532795
1066,2532797
1067,2532831
1068,2532840
1069,2532845
1070,2532848
1071,2532915
1072,2532925
1073,2533007
1074,2533065
1075,2533179
1076,2533189
1077,2533245
1078,2533253
1079,2533301
1080,2533354
1081,2533388
1082,2533437
1083,2533444
1084,2533484
1085,2533496
1086,2533513
1087,2533514
1088,2533543
1089,2533598
1090,2533607
1091,2533641
1092,2533650
1093,2533653
1094,2533657
1095,2533670
1096,2533686
1097,2533716
1098,2533746
1099,2533771
1100,2533797
1101,2533799
1102,2533822
1103,2533846
1104,2533853
1105,2533912
1106,2534030
1107,2534080
1108,2534123
1109,2534124
1110,2534134
1111,2534139
1112,2534238
1113,2534255
1114,2534263
1115,2534275
1116,2534284
1117,2534373
1118,2534401
1119,2534413
1120,2534416
1121,2534470
1122,2534481
1123,2534557
1124,2534594
1125,2534624
1126,2534639
1127,2534693
1128,2534701
1129,2534719
1130,2534761
1131,2534824
1132,2534850
1133,2534906
1134,2534928
1135,2534930
1136,2534948
1137,2534960
1138,2534987
1139,2535033
1140,2535056
1141,2535093
1142,2535140
1143,2535159
1144,2535176
1145,2535375
1146,2535430
1147,2535507
1148,2535540
1149,2535586
1150,2535665
1151,2535685
1152,2535713
1153,2535723
1154,2535729
1155,2535759
1156,2535763
1157,2535771
1158,2535866
1159,2536006
1160,2536021
1161,2536044
1162,2536069
1163,2536124
1164,2536142
1165,2536281
1166,2536282
1167,2536293
1168,2536297
1169,2536330
1170,2536450
1171,2536458
1172,2536543
1173,2536584
1174,2536596
1175,2536607
1176,2536615
1177,2536634
1178,2536674
1179,2536681
1180,2536740
1181,2536824
1182,2536855
1183,2536969
1184,2536972
1185,2537034
1186,2537049
1187,2537054
1188,2537056
1189,2537100
1190,2537116
1191,2537119
1192,2537181
1193,2537182
1194,2537186
1195,2537212
1196,2537218
1197,2537224
1198,2537244
1199,2537252
1200,2537337
1201,2537351
1202,2537515
1203,2537567
1204,2537666
1205,2537744
1206,2537762
1207,2537826
1208,2537861
1209,2537899
1210,2537916
1211,2537932
1212,2537975
1213,2537986
1214,2538068
1215,2538111
1216,2538123
1217,2538253
1218,2538268
1219,2538276
1220,2538283
1221,2538288
1222,2538334
1223,2538380
1224,2538432
1225,2538442
1226,2538482
1227,2538520
1228,2538545
1229,2538551
1230,2538569
1231,2538597
1232,2538607
1233,2538610
1234,2538612
1235,2538625
1236,2538699
1237,2538718
1238,2538721
1239,2538749
1240,2538799
1241,2538816
1242,2538950
1243,2538968
1244,2538977
1245,2538979
1246,2539006
1247,2539010
1248,2539025
1249,2539059
1250,2539065
1251,2539122
1252,2539123
1253,2539124
1254,2539147
1255,2539206
1256,2539257
1257,2539269
1258,2539328
1259,2539377
1260,2539418
1261,2539446
1262,2539461
1263,2539483
1264,2539544
1265,2539563
1266,2539569
1267,2539588
1268,2539670
1269,2539674
1270,2539676
1271,2539762
1272,2539812
1273,2539835
1274,2539927
1275,2539947
1276,2539961
1277,2540080
1278,2540082
1279,2540160
1280,2540233
1281,2540234
1282,2540236
1283,2540256
1284,2540263
1285,2540316
1286,2540332
1287,2540368
1288,2540411
1289,2540505
1290,2540527
1291,2540539
1292,2540568
1293,2540596
1294,2540701
1295,2540770
1296,2540785
1297,2540824
1298,2540853
1299,2540934
1300,2540940
1301,2541027
1302,2541033
1303,2541046
1304,2541049
1305,2541085
1306,2541088
1307,2541111
1308,2541125
1309,2541147
1310,2541267
1311,2541303
1312,2541316
1313,2541347
1314,2541348
1315,2541456
1316,2541476
1317,2541532
1318,2541553
1319,2541585
1320,2541586
1321,2541638
1322,2541748
1323,2541752
1324,2541821
1325,2541854
1326,2541885
1327,2541960
1328,2541981
1329,2542020
1330,2542079
1331,2542082
1332,2542096
1333,2542121
1334,2542196
1335,2542197
1336,2542221
1337,2542229
1338,2542333
1339,2542335
1340,2542352
1341,2542356
1342,2542359
1343,2542448
1344,2542462
1345,2542491
1346,2542500
1347,2542526
1348,2542589
1349,2542593
1350,2542654
1351,2542664
1352,2542699
1353,2542803
1354,2542877
1355,2542918
1356,2542919
1357,2542934
1358,2542937
1359,2542941
1360,2542953
1361,2542964
1362,2542970
1363,2542972
1364,2543004
1365,2543005
1366,2543006
1367,2543036
1368,2543067
1369,2543073
1370,2543136
1371,2543178
1372,2543191
1373,2543227
1374,2543251
1375,2543394
1376,2543415
1377,2543423
1378,2543508
1379,2543538
1380,2543545
1381,2543551
1382,2543558
1383,2543560
1384,2543568
1385,2543576
1386,2543590
1387,2543599
1388,2543631
1389,2543729
1390,2543740
1391,2543775
1392,2543785
1393,2543821
1394,2543835
1395,2543846
1396,2543850
1397,2543917
1398,2543930
1399,2543957
1400,2543962
1401,2543997
1402,2544058
1403,2544075
1404,2544076
1405,2544091
1406,2544113
1407,2544216
1408,2544328
1409,2544531
1410,2544571
1411,2544585
1412,2544640
1413,2544667
1414,2544720
1415,2544755
1416,2544817
1417,2544830
1418,2544831
1419,2544898
1420,2544939
1421,2544950
1422,2544954
1423,2544972
1424,2545009
1425,2545010
1426,2545121
1427,2545168
1428,2545191
1429,2545250
1430,2545344
1431,2545393
1432,2545433
1433,2545455
1434,2545538
1435,2545542
1436,2545655
1437,2545700
1438,2545731
1439,2545765
1440,2545773
1441,2545804
1442,2545899
1443,2545900
1444,2545919
1445,2545951
1446,2546060
1447,2546123
1448,2546131
1449,2546136
1450,2546195
1451,2546197
1452,2546227
1453,2546283
1454,2546285
1455,2546328
1456,2546380
1457,2546414
1458,2546427
1459,2546429
1460,2546432
1461,2546434
1462,2546447
1463,2546465
1464,2546477
1465,2546483
1466,2546490
1467,2546506
1468,2546511
1469,2546585
1470,2546635
1471,2546678
1472,2546735
1473,2546739
1474,2546754
1475,2546802
1476,2546863
1477,2546865
1478,2546872
1479,2546873
1480,2546909
1481,2546920
1482,2546941
1483,2546955
1484,2546968
1485,2546982
1486,2547011
1487,2547025
1488,2547028
1489,2547073
1490,2547090
1491,2547117
1492,2547148
1493,2547172
1494,2547218
1495,2547240
1496,2547248
1497,2547258
1498,2547259
1499,2547355
1500,2547356
1501,2547365
1502,2547384
1503,2547393
1504,2547443
1505,2547460
1506,2547473
1507,2547475
1508,2547503
1509,2547509
1510,2547568
1511,2547605
1512,2547657
1513,2547700
1514,2547704
1515,2547763
1516,2547783
1517,2547785
1518,2547787
1519,2547811
1520,2547817
1521,2547929
1522,2547940
1523,2547987
1524,2548061
1525,2548066
1526,2548071
1527,2548127
1528,2548159
1529,2548216
1530,2548217
1531,2548223
1532,2548238
1533,2548255
1534,2548263
1535,2548304
1536,2548313
1537,2548353
1538,2548381
1539,2548405
1540,2548440
1541,2548468
1542,2548472
1543,2548478
1544,2548527
1545,2548549
1546,2548577
1547,2548635
1548,2548640
1549,2548733
1550,2548752
1551,2548765
1552,2548785
1553,2548835
1554,2548843
1555,2548998
1556,2549003
1557,2549008
1558,2549027
1559,2549031
1560,2549050
1561,2549130
1562,2549143
1563,2549164
1564,2549179
1565,2549235
1566,2549242
1567,2549281
1568,2549310
1569,2549335
1570,2549340
1571,2549376
1572,2549394
1573,2549403
1574,2549423
1575,2549432
1576,2549466
1577,2549553
1578,2549555
1579,2549565
1580,2549586
1581,2549600
1582,2549632
1583,2549652
1584,2549695
1585,2549698
1586,2549725
1587,2549749
1588,2549751
1589,2549755
1590,2549804
1591,2549808
1592,2549880
1593,2549887
1594,2549889
1595,2549894
1596,2549900
1597,2549914
1598,2549948
1599,2549955
1600,2549961
1601,2550109
1602,2550127
1603,2550135
1604,2550252
1605,2550325
1606,2550341
1607,2550371
1608,2550419
1609,2550446
1610,2550484
1611,2550501
1612,2550556
1613,2550665
1614,2550709
1615,2550710
1616,2550735
1617,2550807
1618,2550840
1619,2550886
1620,2550915
1621,2550952
1622,2550955
1623,2550963
1624,2550980
1625,2551001
1626,2551002
1627,2551007
1628,2551047
1629,2551154
1630,2551182
1631,2551203
1632,2551217
1633,2551228
1634,2551231
1635,2551253
1636,2551272
1637,2551362
1638,2551415
1639,2551424
1640,2551442
1641,2551487
1642,2551523
1643,2551551
1644,2551559
1645,2551571
1646,2551621
1647,2551656
1648,2551663
1649,2551712
1650,2551719
1651,2551757
1652,2551829
1653,2551851
1654,2551879
1655,2551938
1656,2551972
1657,2551973
1658,2551979
1659,2552043
1660,2552145
1661,2552160
1662,2552184
1663,2552197
1664,2552257
1665,2552284
1666,2552299
1667,2552308
1668,2552316
1669,2552335
1670,2552382
1671,2552418
1672,2552438
1673,2552465
1674,2552563
1675,2552577
1676,2552666
1677,2552731
1678,2552751
1679,2552819
1680,2552876
1681,2552888
1682,2552911
1683,2553038
1684,2553073
1685,2553099
1686,2553116
1687,2553121
1688,2553189
1689,2553223
1690,2553236
1691,2553246
1692,2553269
1693,2553270
1694,2553277
1695,2553281
1696,2553343
1697,2553370
1698,2553404
1699,2553412
1700,2553421
1701,2553472
1702,2553491
1703,2553506
1704,2553541
1705,2553555
1706,2553561
1707,2553566
1708,2553580
1709,2553659
1710,2553664
1711,2553666
1712,2553685
1713,2553744
1714,2553769
1715,2553771
1716,2553802
1717,2553805
1718,2553806
1719,2553809
1720,2553859
1721,2553872
1722,2553905
1723,2553956
1724,2554012
1725,2554033
1726,2554051
1727,2554066
1728,2554108
1729,2554110
1730,2554127
1731,2554133
1732,2554176
1733,2554182
1734,2554184
1735,2554266
1736,2554276
1737,2554281
1738,2554339
1739,2554393
1740,2554428
1741,2554447
1742,2554531
1743,2554589
1744,2554592
1745,2554603
1746,2554611
1747,2554620
1748,2554622
1749,2554676
1750,2554689
1751,2554695
1752,2554719
1753,2554749
1754,2554789
1755,2554816
1756,2554830
1757,2554866
1758,2554886
1759,2554905
1760,2554906
1761,2554945
1762,2554959
1763,2554978
1764,2554984
1765,2554999
1766,2555009
1767,2555048
1768,2555049
1769,2555082
1770,2555148
1771,2555171
1772,2555193
1773,2555239
1774,2555274
1775,2555299
1776,2555332
1777,2555342
1778,2555350
1779,2555392
1780,2555430
1781,2555482
1782,2555507
1783,2555513
1784,2555566
1785,2555666
1786,2555683
1787,2555698
1788,2555769
1789,2555803
1790,2555868
1791,2555877
1792,2555934
1793,2555986
1794,2555989
1795,2556020
1796,2556025
1797,2556161
1798,2556171
1799,2556186
1800,2556218
1801,2556227
1802,2556257
1803,2556278
1804,2556282
1805,2556295
1806,2556312
1807,2556331
1808,2556340
1809,2556354
1810,2556360
1811,2556398
1812,2556521
1813,2556582
1814,2556606
1815,2556608
1816,2556683
1817,2556691
1818,2556706
1819,2556723
1820,2556790
1821,2556793
1822,2556826
1823,2556984
1824,2557004
1825,2557025
1826,2557098
1827,2557320
1828,2557354
1829,2557357
1830,2557377
1831,2557383
1832,2557408
1833,2557458
1834,2557491
1835,2557547
1836,2557559
1837,2557664
1838,2557706
1839,2557795
1840,2557819
1841,2557852
1842,2557884
1843,2557895
1844,2557907
1845,2557936
1846,2557939
1847,2557964
1848,2557999
1849,2558018
1850,2558045
1851,2558080
1852,2558150
1853,2558234
1854,2558241
1855,2558246
1856,2558273
1857,2558280
1858,2558303
1859,2558328
1860,2558380
1861,2558428
1862,2558489
1863,2558538
1864,2558577
1865,2558595
1866,2558641
1867,2558713
1868,2558754
1869,2558762
1870,2558848
1871,2558849
1872,2558851
1873,2558856
1874,2558870
1875,2558902
1876,2558917
1877,2558970
1878,2558997
1879,2559009
1880,2559070
1881,2559080
1882,2559090
1883,2559127
1884,2559142
1885,2559161
1886,2559179
1887,2559247
1888,2559307
1889,2559347
1890,2559424
1891,2559430
1892,2559449
1893,2559463
1894,2559472
1895,2559532
1896,2559593
1897,2559596
1898,2559648
1899,2559660
1900,2559708
1901,2559729
1902,2559757
1903,2559775
1904,2559778
1905,2559783
1906,2559866
1907,2559875
1908,2559907
1909,2559915
1910,2559919
1911,2559972
1912,2559991
1913,2560036
1914,2560038
1915,2560054
1916,2560059
1917,2560093
1918,2560139
1919,2560172
1920,2560259
1921,2560276
1922,2560334
1923,2560337
1924,2560376
1925,2560414
1926,2560461
1927,2560466
1928,2560473
1929,2560487
1930,2560495
1931,2560508
1932,2560524
1933,2560540
1934,2560645
1935,2560666
1936,2560698
1937,2560710
1938,2560732
1939,2560754
1940,2560775
1941,2560804
1942,2560919
1943,2560925
1944,2560933
1945,2560966
1946,2560981
1947,2561013
1948,2561045
1949,2561047
1950,2561100
1951,2561125
1952,2561128
1953,2561153
1954,2561170
1955,2561175
1956,2561193
1957,2561209
1958,2561225
1959,2561247
1960,2561265
1961,2561293
1962,2561335
1963,2561351
1964,2561453
1965,2561455
1966,2561472
1967,2561479
1968,2561484
1969,2561549
1970,2561551
1971,2561626
1972,2561661
1973,2561737
1974,2561765
1975,2561772
1976,2561780
1977,2561803
1978,2561804
1979,2561819
1980,2561833
1981,2561841
1982,2561857
1983,2561879
1984,2561910
1985,2561971
1986,2561982
1987,2562006
1988,2562079
1989,2562183
1990,2562199
1991,2562209
1992,2562217
1993,2562224
1994,2562225
1995,2562247
1996,2562365
1997,2562429
1998,2562442
1999,2562444
2000,2562451
2001,2562455
2002,2562596
2003,2562646
2004,2562721
2005,2562736
2006,2562750
2007,2562781
2008,2562786
2009,2562796
2010,2562815
2011,2562817
2012,2562823
2013,2562824
2014,2562851
2015,2562881
2016,2562891
2017,2562928
2018,2562954
2019,2563038
2020,2563079
2021,2563115
2022,2563125
2023,2563130
2024,2563241
2025,2563248
2026,2563261
2027,2563321
2028,2563365
2029,2563414
2030,2563444
2031,2563452
2032,2563476
2033,2563496
2034,2563511
2035,2563517
2036,2563520
2037,2563560
2038,2563607
2039,2563626
2040,2563628
2041,2563647
2042,2563681
2043,2563687
2044,2563691
2045,2563711
2046,2563720
2047,2563781
2048,2563804
2049,2563848
2050,2563879
2051,2563957
2052,2563978
2053,2563981
2054,2564058
2055,2564074
2056,2564078
2057,2564094
2058,2564122
2059,2564165
2060,2564201
2061,2564237
2062,2564249
2063,2564387
2064,2564391
2065,2564396
2066,2564412
2067,2564466
2068,2564487
2069,2564491
2070,2564643
2071,2564657
2072,2564760
2073,2564806
2074,2564811
2075,2564837
2076,2564845
2077,2564856
2078,2564959
2079,2564993
2080,2565093
2081,2565097
2082,2565098
2083,2565165
2084,2565196
2085,2565216
2086,2565221
2087,2565280
2088,2565312
2089,2565354
2090,2565371
2091,2565389
2092,2565390
2093,2565530
2094,2565572
2095,2565682
2096,2565690
2097,2565768
2098,2565814
2099,2565835
2100,2565871
2101,2565873
2102,2565926
2103,2566107
2104,2566168
2105,2566296
2106,2566326
2107,2566340
2108,2566353
2109,2566389
2110,2566424
2111,2566440
2112,2566477
2113,2566503
2114,2566574
2115,2566584
2116,2566605
2117,2566638
2118,2566642
2119,2566649
2120,2566658
2121,2566709
2122,2566727
2123,2566751
2124,2566774
2125,2566902
2126,2566945
2127,2566951
2128,2566957
2129,2566958
2130,2567029
2131,2567042
2132,2567087
2133,2567176
2134,2567322
2135,2567361
2136,2567364
2137,2567383
2138,2567455
2139,2567457
2140,2567468
2141,2567497
2142,2567530
2143,2567543
2144,2567562
2145,2567578
2146,2567592
2147,2567615
2148,2567643
2149,2567677
2150,2567680
2151,2567705
2152,2567732
2153,2567774
2154,2567815
2155,2567832
2156,2567858
2157,2567920
2158,2567926
2159,2567936
2160,2568015
2161,2568025
2162,2568049
2163,2568065
2164,2568069
2165,2568085
2166,2568141
2167,2568231
2168,2568274
2169,2568291
2170,2568293
2171,2568303
2172,2568335
2173,2568344
2174,2568425
2175,2568426
2176,2568467
2177,2568503
2178,2568535
2179,2568536
2180,2568553
2181,2568564
2182,2568630
2183,2568655
2184,2568668
2185,2568699
2186,2568803
2187,2568821
2188,2568853
2189,2568889
2190,2568915
2191,2568927
2192,2568950
2193,2569002
2194,2569005
2195,2569045
2196,2569069
2197,2569085
2198,2569223
2199,2569230
2200,2569237
2201,2569275
2202,2569283
2203,2569308
2204,2569364
2205,2569386
2206,2569419
2207,2569435
2208,2569455
2209,2569497
2210,2569551
2211,2569557
2212,2569648
2213,2569652
2214,2569659
2215,2569660
2216,2569664
2217,2569714
2218,2569726
2219,2569746
2220,2569799
2221,2569806
2222,2569834
2223,2569978
2224,2570008
2225,2570054
2226,2570055
2227,2570062
2228,2570087
2229,2570094
2230,2570155
2231,2570160
2232,2570172
2233,2570181
2234,2570190
2235,2570251
2236,2570268
2237,2570273
2238,2570298
2239,2570339
2240,2570355
2241,2570365
2242,2570413
2243,2570422
2244,2570501
2245,2570555
2246,2570573
2247,2570686
2248,2570724
2249,2570740
2250,2570741
2251,2570761
2252,2570762
2253,2570772
2254,2570773
2255,2570815
2256,2570840
2257,2570881
2258,2570887
2259,2571057
2260,2571075
2261,2571082
2262,2571121
2263,2571132
2264,2571136
2265,2571197
2266,2571233
2267,2571311
2268,2571314
2269,2571353
2270,2571475
2271,2571482
2272,2571543
2273,2571556
2274,2571564
2275,2571569
2276,2571579
2277,2571585
2278,2571596
2279,2571723
2280,2571759
2281,2571778
2282,2571795
2283,2571828
2284,2571831
2285,2571859
2286,2571863
2287,2571870
2288,2571883
2289,2571925
2290,2571929
2291,2571962
2292,2571970
2293,2571996
2294,2572071
2295,2572152
2296,2572155
2297,2572169
2298,2572216
2299,2572245
2300,2572253
2301,2572293
2302,2572327
2303,2572381
2304,2572394
2305,2572418
2306,2572435
2307,2572557
2308,2572564
2309,2572565
2310,2572618
2311,2572657
2312,2572696
2313,2572697
2314,2572709
2315,2572789
2316,2572824
2317,2572849
2318,2572874
2319,2572881
2320,2572907
2321,2572916
2322,2572949
2323,2572963
2324,2573077
2325,2573101
2326,2573205
2327,2573262
2328,2573285
2329,2573331
2330,2573404
2331,2573458
2332,2573497
2333,2573530
2334,2573564
2335,2573578
2336,2573618
2337,2573638
2338,2573670
2339,2573705
2340,2573716
2341,2573750
2342,2573797
2343,2573871
2344,2573942
2345,2573994
2346,2573995
2347,2574040
2348,2574054
2349,2574061
2350,2574119
2351,2574127
2352,2574163
2353,2574226
2354,2574246
2355,2574300
2356,2574341
2357,2574347
2358,2574349
2359,2574354
2360,2574402
2361,2574409
2362,2574453
2363,2574454
2364,2574463
2365,2574515
2366,2574519
2367,2574533
2368,2574583
2369,2574588
2370,2574618
2371,2574627
2372,2574637
2373,2574657
2374,2574752
2375,2574777
2376,2574803
2377,2574823
2378,2574827
2379,2574867
2380,2574925
2381,2575071
2382,2575083
2383,2575104
2384,2575137
2385,2575170
2386,2575228
2387,2575232
2388,2575289
2389,2575322
2390,2575411
2391,2575421
2392,2575425
2393,2575501
2394,2575563
2395,2575570
2396,2575603
2397,2575672
2398,2575674
2399,2575679
2400,2575695
2401,2575733
2402,2575760
2403,2575798
2404,2575826
2405,2575849
2406,2575863
2407,2575899
2408,2575904
2409,2575907
2410,2575967
2411,2575992
2412,2576013
2413,2576020
2414,2576060
2415,2576127
2416,2576155
2417,2576161
2418,2576171
2419,2576172
2420,2576173
2421,2576180
2422,2576185
2423,2576206
2424,2576262
2425,2576280
2426,2576328
2427,2576329
2428,2576350
2429,2576367
2430,2576370
2431,2576380
2432,2576426
2433,2576477
2434,2576549
2435,2576589
2436,2576597
2437,2576622
2438,2576657
2439,2576761
2440,2576778
2441,2576791
2442,2576842
2443,2576900
2444,2576902
2445,2576903
2446,2576957
2447,2577019
2448,2577042
2449,2577054
2450,2577130
2451,2577132
2452,2577167
2453,2577181
2454,2577182
2455,2577198
2456,2577220
2457,2577245
2458,2577294
2459,2577311
2460,2577396
2461,2577422
2462,2577455
2463,2577465
2464,2577510
2465,2577526
2466,2577544
2467,2577572
2468,2577651
2469,2577680
2470,2577706
2471,2577724
2472,2577760
2473,2577860
2474,2577869
2475,2577870
2476,2577930
2477,2577965
2478,2577990
2479,2577991
2480,2578000
2481,2578049
2482,2578107
2483,2578315
2484,2578323
2485,2578340
2486,2578408
2487,2578411
2488,2578455
2489,2578484
2490,2578555
2491,2578588
2492,2578609
2493,2578653
2494,2578680
2495,2578715
2496,2578729
2497,2578786
2498,2578867
2499,2578937
2500,2578948
2501,2578966
2502,2578973
2503,2579000
2504,2579004
2505,2579109
2506,2579164
2507,2579186
2508,2579212
2509,2579214
2510,2579311
2511,2579421
2512,2579556
2513,2579578
2514,2579583
2515,2579610
2516,2579613
2517,2579621
2518,2579654
2519,2579660
2520,2579747
2521,2579762
2522,2579769
2523,2579817
2524,2579833
2525,2579883
2526,2579905
2527,2579938
2528,2579973
2529,2580036
2530,2580053
2531,2580064
2532,2580083
2533,2580091
2534,2580115
2535,2580119
2536,2580133
2537,2580150
2538,2580165
2539,2580195
2540,2580205
2541,2580243
2542,2580265
2543,2580376
2544,2580386
2545,2580404
2546,2580433
2547,2580454
2548,2580457
2549,2580469
2550,2580505
2551,2580552
2552,2580557
2553,2580600
2554,2580608
2555,2580620
2556,2580675
2557,2580748
2558,2580754
2559,2580796
2560,2580854
2561,2580878
2562,2580892
2563,2580919
2564,2580956
2565,2580986
2566,2581044
2567,2581079
2568,2581153
2569,2581181
2570,2581197
2571,2581204
2572,2581221
2573,2581254
2574,2581276
2575,2581309
2576,2581348
2577,2581367
2578,2581405
2579,2581417
2580,2581423
2581,2581466
2582,2581495
2583,2581657
2584,2581690
2585,2581727
2586,2581741
2587,2581751
2588,2581864
2589,2581882
2590,2581946
2591,2581952
2592,2581975
2593,2581980
2594,2582001
2595,2582049
2596,2582115
2597,2582134
2598,2582192
2599,2582225
2600,2582228
2601,2582277
2602,2582289
2603,2582304
2604,2582368
2605,2582375
2606,2582396
2607,2582410
2608,2582426
2609,2582439
2610,2582460
2611,2582471
2612,2582570
2613,2582576
2614,2582581
2615,2582597
2616,2582669
2617,2582682
2618,2582789
2619,2582851
2620,2582889
2621,2583015
2622,2583039
2623,2583047
2624,2583064
2625,2583066
2626,2583094
2627,2583147
2628,2583209
2629,2583266
2630,2583270
2631,2583331
2632,2583336
2633,2583411
2634,2583424
2635,2583470
2636,2583499
2637,2583560
2638,2583569
2639,2583648
2640,2583678
2641,2583703
2642,2583707
2643,2583717
2644,2583759
2645,2583786
2646,2583845
2647,2583859
2648,2583921
2649,2583967
2650,2584081
2651,2584128
2652,2584176
2653,2584203
2654,2584218
2655,2584301
2656,2584327
2657,2584364
2658,2584393
2659,2584404
2660,2584410
2661,2584451
2662,2584453
2663,2584457
2664,2584476
2665,2584502
2666,2584626
2667,2584642
2668,2584650
2669,2584714
2670,2584715
2671,2584743
2672,2584765
2673,2584935
2674,2584948
2675,2584959
2676,2584982
2677,2584995
2678,2584998
2679,2585134
2680,2585136
2681,2585170
2682,2585229
2683,2585237
2684,2585247
2685,2585256
2686,2585299
2687,2585362
2688,2585458
2689,2585489
2690,2585501
2691,2585538
2692,2585540
2693,2585568
2694,2585618
2695,2585646
2696,2585673
2697,2585680
2698,2585757
2699,2585768
2700,2585769
2701,2585858
2702,2585899
2703,2585916
2704,2585917
2705,2585990
2706,2586097
2707,2586100
2708,2586321
2709,2586419
2710,2586420
2711,2586439
2712,2586486
2713,2586496
2714,2586521
2715,2586528
2716,2586540
2717,2586673
2718,2586727
2719,2586728
2720,2586787
2721,2586840
2722,2586856
2723,2586858
2724,2586883
2725,2586922
2726,2586970
2727,2587097
2728,2587123
2729,2587125
2730,2587196
2731,2587249
2732,2587252
2733,2587330
2734,2587339
2735,2587360
2736,2587432
2737,2587525
2738,2587540
2739,2587558
2740,2587562
2741,2587661
2742,2587723
2743,2587777
2744,2587800
2745,2587801
2746,2587872
2747,2587932
2748,2588040
2749,2588113
2750,2588136
2751,2588180
2752,2588195
2753,2588224
2754,2588230
2755,2588241
2756,2588247
2757,2588324
2758,2588349
2759,2588419
2760,2588431
2761,2588483
2762,2588558
2763,2588581
2764,2588584
2765,2588641
2766,2588648
2767,2588724
2768,2588733
2769,2588783
2770,2588907
2771,2588922
2772,2588941
2773,2588948
2774,2588955
2775,2588964
2776,2589006
2777,2589047
2778,2589129
2779,2589144
2780,2589156
2781,2589184
2782,2589198
2783,2589226
2784,2589244
2785,2589332
2786,2589369
2787,2589397
2788,2589422
2789,2589425
2790,2589448
2791,2589486
2792,2589498
2793,2589517
2794,2589639
2795,2589661
2796,2589684
2797,2589694
2798,2589703
2799,2589826
2800,2589855
2801,2589868
2802,2589927
2803,2589969
2804,2590075
2805,2590191
2806,2590209
2807,2590219
2808,2590363
2809,2590403
2810,2590416
2811,2590457
2812,2590534
2813,2590543
2814,2590563
2815,2590631
2816,2590633
2817,2590637
2818,2590681
2819,2590683
2820,2590692
2821,2590723
2822,2590725
2823,2590764
2824,2590765
2825,2590781
2826,2590839
2827,2590873
2828,2591029
2829,2591044
2830,2591086
2831,2591138
2832,2591145
2833,2591149
2834,2591168
2835,2591169
2836,2591246
2837,2591305
2838,2591324
2839,2591341
2840,2591424
2841,2591457
2842,2591470
2843,2591510
2844,2591524
2845,2591565
2846,2591580
2847,2591594
2848,2591595
2849,2591600
2850,2591613
2851,2591683
2852,2591694
2853,2591709
2854,2591726
2855,2591728
2856,2591780
2857,2591783
2858,2591842
2859,2591844
2860,2591868
2861,2591926
2862,2591942
2863,2591953
2864,2591954
2865,2591956
2866,2591959
2867,2591971
2868,2592022
2869,2592038
2870,2592044
2871,2592050
2872,2592108
2873,2592115
2874,2592122
2875,2592123
2876,2592153
2877,2592156
2878,2592166
2879,2592267
2880,2592277
2881,2592294
2882,2592324
2883,2592336
2884,2592372
2885,2592473
2886,2592508
2887,2592567
2888,2592584
2889,2592614
2890,2592617
2891,2592666
2892,2592702
2893,2592709
2894,2592716
2895,2592792
2896,2592807
2897,2592869
2898,2592890
2899,2592899
2900,2592942
2901,2592960
2902,2592978
2903,2592991
2904,2593007
2905,2593120
2906,2593133
2907,2593137
2908,2593319
2909,2593324
2910,2593348
2911,2593366
2912,2593396
2913,2593405
2914,2593416
2915,2593445
2916,2593453
2917,2593518
2918,2593526
2919,2593625
2920,2593730
2921,2593806
2922,2593813
2923,2593840
2924,2593862
2925,2593911
2926,2593991
2927,2594110
2928,2594119
2929,2594166
2930,2594326
2931,2594332
2932,2594339
2933,2594340
2934,2594343
2935,2594391
2936,2594406
2937,2594412
2938,2594415
2939,2594442
2940,2594447
2941,2594465
2942,2594488
2943,2594523
2944,2594540
2945,2594579
2946,2594582
2947,2594589
2948,2594620
2949,2594677
2950,2594709
2951,2594725
2952,2594736
2953,2594751
2954,2594760
2955,2594796
2956,2594848
2957,2594887
2958,2594917
2959,2594942
2960,2594957
2961,2594976
2962,2594984
2963,2595072
2964,2595079
2965,2595143
2966,2595150
2967,2595154
2968,2595230
2969,2595289
2970,2595360
2971,2595381
2972,2595396
2973,2595446
2974,2595533
2975,2595553
2976,2595571
2977,2595577
2978,2595608
2979,2595613
2980,2595622
2981,2595694
2982,2595733
2983,2595794
2984,2595889
2985,2595895
2986,2595993
2987,2596052
2988,2596106
2989,2596108
2990,2596130
2991,2596134
2992,2596138
2993,2596187
2994,2596224
2995,2596323
2996,2596332
2997,2596380
2998,2596445
2999,2596470
3000,2596472
3001,2596479
3002,2596483
3003,2596494
3004,2596518
3005,2596529
3006,2596540
3007,2596594
3008,2596610
3009,2596614
3010,2596640
3011,2596674
3012,2596678
3013,2596680
3014,2596718
3015,2596722
3016,2596728
3017,2596745
3018,2596778
3019,2596798
3020,2596824
3021,2596836
3022,2596843
3023,2596889
3024,2596892
3025,2596925
3026,2596953
3027,2596957
3028,2596960
3029,2596990
3030,2597037
3031,2597078
3032,2597084
3033,2597123
3034,2597158
3035,2597159
3036,2597169
3037,2597242
3038,2597267
3039,2597281
3040,2597342
3041,2597360
3042,2597501
3043,2597516
3044,2597566
3045,2597585
3046,2597587
3047,2597588
3048,2597593
3049,2597602
3050,2597658
3051,2597664
3052,2597676
3053,2597720
3054,2597736
3055,2597763
3056,2597800
3057,2597848
3058,2597949
3059,2597952
3060,2597953
3061,2598033
3062,2598049
3063,2598099
3064,2598100
3065,2598145
3066,2598153
3067,2598190
3068,2598216
3069,2598227
3070,2598239
3071,2598262
3072,2598272
3073,2598290
3074,2598352
3075,2598442
3076,2598527
3077,2598578
3078,2598579
3079,2598600
3080,2598693
3081,2598707
3082,2598738
3083,2598752
3084,2598754
3085,2598790
3086,2598800
3087,2598943
3088,2598971
3089,2599048
3090,2599105
3091,2599138
3092,2599168
3093,2599213
3094,2599227
3095,2599304
3096,2599327
3097,2599343
3098,2599398
3099,2599424
3100,2599430
3101,2599487
3102,2599488
3103,2599494
3104,2599499
3105,2599643
3106,2599770
3107,2599822
3108,2599868
3109,2599873
3110,2599883
3111,2599919
3112,2600010
3113,2600082
3114,2600107
3115,2600190
3116,2600215
3117,2600220
3118,2600227
3119,2600260
3120,2600271
3121,2600273
3122,2600287
3123,2600320
3124,2600327
3125,2600369
3126,2600372
3127,2600418
3128,2600463
3129,2600486
3130,2600523
3131,2600538
3132,2600555
3133,2600627
3134,2600628
3135,2600680
3136,2600697
3137,2600833
3138,2600837
3139,2600881
3140,2600887
3141,2600903
3142,2600906
3143,2600915
3144,2600936
3145,2601005
3146,2601051
3147,2601053
3148,2601054
3149,2601081
3150,2601087
3151,2601101
3152,2601115
3153,2601120
3154,2601163
3155,2601206
3156,2601208
3157,2601232
3158,2601319
3159,2601352
3160,2601529
3161,2601575
3162,2601580
3163,2601696
3164,2601705
3165,2601710
3166,2601779
3167,2601808
3168,2601852
3169,2601871
3170,2601910
3171,2601978
3172,2602033
3173,2602107
3174,2602164
3175,2602167
3176,2602243
3177,2602261
3178,2602310
3179,2602376
3180,2602407
3181,2602452
3182,2602463
3183,2602570
3184,2602574
3185,2602581
3186,2602603
3187,2602633
3188,2602711
3189,2602836
3190,2602926
3191,2602943
3192,2602953
3193,2603011
3194,2603014
3195,2603030
3196,2603097
3197,2603103
3198,2603107
3199,2603130
3200,2603149
3201,2603150
3202,2603161
3203,2603183
3204,2603207
3205,2603212
3206,2603255
3207,2603272
3208,2603273
3209,2603288
3210,2603303
3211,2603350
3212,2603362
3213,2603411
3214,2603433
3215,2603505
3216,2603635
3217,2603649
3218,2603673
3219,2603716
3220,2603748
3221,2603752
3222,2603775
3223,2603790
3224,2603847
3225,2603949
3226,2604008
3227,2604017
3228,2604053
3229,2604059
3230,2604072
3231,2604075
3232,2604084
3233,2604115
3234,2604164
3235,2604182
3236,2604197
3237,2604233
3238,2604258
3239,2604265
3240,2604279
3241,2604292
3242,2604347
3243,2604356
3244,2604392
3245,2604414
3246,2604416
3247,2604440
3248,2604494
3249,2604497
3250,2604578
3251,2604605
3252,2604667
3253,2604739
3254,2604741
3255,2604773
3256,2604793
3257,2604807
3258,2604808
3259,2604811
3260,2604822
3261,2604844
3262,2604920
3263,2604951
3264,2604965
3265,2604980
3266,2604983
3267,2605000
3268,2605079
3269,2605133
3270,2605177
3271,2605248
3272,2605312
3273,2605330
3274,2605333
3275,2605363
3276,2605368
3277,2605369
3278,2605382
3279,2605389
3280,2605399
3281,2605402
3282,2605433
3283,2605469
3284,2605508
3285,2605533
3286,2605622
3287,2605625
3288,2605720
3289,2605747
3290,2605753
3291,2605795
3292,2605800
3293,2605801
3294,2605827
3295,2605854
3296,2605857
3297,2605887
3298,2605914
3299,2605930
3300,2605933
3301,2605946
3302,2606014
3303,2606048
3304,2606057
3305,2606141
3306,2606143
3307,2606182
3308,2606184
3309,2606238
3310,2606289
3311,2606384
3312,2606461
3313,2606488
3314,2606508
3315,2606541
3316,2606583
3317,2606628
3318,2606633
3319,2606649
3320,2606657
3321,2606725
3322,2606730
3323,2606767
3324,2606780
3325,2606815
3326,2606890
3327,2606912
3328,2606949
3329,2607129
3330,2607150
3331,2607178
3332,2607380
3333,2607404
3334,2607410
3335,2607458
3336,2607501
3337,2607521
3338,2607540
3339,2607553
3340,2607561
3341,2607590
3342,2607632
3343,2607700
3344,2607801
3345,2607835
3346,2607858
3347,2607951
3348,2608009
3349,2608055
3350,2608108
3351,2608111
3352,2608135
3353,2608136
3354,2608140
3355,2608177
3356,2608195
3357,2608228
3358,2608236
3359,2608245
3360,2608246
3361,2608317
3362,2608333
3363,2608340
3364,2608355
3365,2608372
3366,2608473
3367,2608507
3368,2608534
3369,2608545
3370,2608563
3371,2608576
3372,2608586
3373,2608638
3374,2608662
3375,2608740
3376,2608772
3377,2608841
3378,2608984
3379,2609225
3380,2609443
3381,2609651
3382,2609721
3383,2609767
3384,2609780
3385,2610313
3386,2610652
3387,2611482
3388,2611488
3389,2611504
3390,2612039
3391,2612080
3392,2612514
3393,2612644
3394,2612650
3395,2612720
3396,2612826
3397,2612910
3398,2613121
3399,2613472
3400,2613956
3401,2614264
3402,2614395
3403,2614577
3404,2614992
3405,2615305
3406,2615665
3407,2615673
3408,2616123
3409,2616138
3410,2616165
3411,2616260
3412,2616269
3413,2616424
3414,2616613
3415,2617326
3416,2617962
3417,2618110
3418,2619178
3419,2619321
3420,2619390
3421,2621570
3422,2621925
3423,2623123
3424,2624307
3425,2625947
3426,2625948
3427,2625949
3428,2625967
3429,2625968
3430,2625975
3431,2625976
